SUPER_1	101187	L	1
SUPER_1	281424	L	1
SUPER_1	360127	L	1
SUPER_1	374350	L	1
SUPER_1	454171	L	1
SUPER_1	454171	L	1
SUPER_1	454171	L	1
SUPER_1	459099	L	1
SUPER_1	459099	L	1
SUPER_1	766648	L	1
SUPER_1	785305	L	1
SUPER_1	785305	L	1
SUPER_1	5300513	R	1
SUPER_1	5566291	L	60
SUPER_1	5566291	L	60
SUPER_1	5566291	L	60
SUPER_1	5566291	L	60
SUPER_1	5566291	L	60
SUPER_1	5566291	L	60
SUPER_1	5566291	L	60
SUPER_1	5566291	L	60
SUPER_1	5566291	L	60
SUPER_1	5566291	L	60
SUPER_1	5566291	L	60
SUPER_1	5566291	L	60
SUPER_1	5566291	L	60
SUPER_1	5566291	L	60
SUPER_1	5566291	L	60
SUPER_1	5566291	L	60
SUPER_1	5566291	L	60
SUPER_1	5566291	L	60
SUPER_1	5566291	L	60
SUPER_1	5566291	L	60
SUPER_1	5566291	L	60
SUPER_1	5566291	L	60
SUPER_1	5566291	L	60
SUPER_1	5566291	L	60
SUPER_1	5566291	L	60
SUPER_1	5566291	L	60
SUPER_1	5566291	L	60
SUPER_1	5566291	L	60
SUPER_1	5566291	L	60
SUPER_1	5566291	L	60
SUPER_1	5566291	L	60
SUPER_1	5566291	L	60
SUPER_1	5566291	L	60
SUPER_1	5566291	L	60
SUPER_1	5566291	L	60
SUPER_1	5566291	L	60
SUPER_1	5566291	L	60
SUPER_1	5566291	L	60
SUPER_1	5566291	L	60
SUPER_1	5566291	L	60
SUPER_1	5566291	L	60
SUPER_1	5566291	L	60
SUPER_1	5566291	L	60
SUPER_1	5566291	L	60
SUPER_1	5566291	L	60
SUPER_1	5566291	L	60
SUPER_1	5566291	L	60
SUPER_1	5566291	L	60
SUPER_1	5566291	L	60
SUPER_1	5566291	L	60
SUPER_1	5566291	L	60
SUPER_1	5566291	L	60
SUPER_1	5566291	L	60
SUPER_1	5566291	L	60
SUPER_1	5566291	L	60
SUPER_1	5566291	L	60
SUPER_1	5566291	L	60
SUPER_1	5566291	L	60
SUPER_1	5566291	L	60
SUPER_1	5566291	L	60
SUPER_1	5566291	L	60
SUPER_1	5566291	L	60
SUPER_1	5566291	L	60
SUPER_1	5566291	L	60
SUPER_1	5566291	L	60
SUPER_1	5566291	L	60
SUPER_1	5566291	L	60
SUPER_1	5566291	L	60
SUPER_1	5566291	L	60
SUPER_1	5566291	L	60
SUPER_1	5566291	L	60
SUPER_1	5566291	L	60
SUPER_1	5566291	L	60
SUPER_1	5566291	L	60
SUPER_1	5566291	L	60
SUPER_1	5566291	L	60
SUPER_1	5566291	L	60
SUPER_1	5566291	L	60
SUPER_1	5566291	L	60
SUPER_1	5566291	L	60
SUPER_1	5566291	L	60
SUPER_1	5566291	L	60
SUPER_1	5566291	L	60
SUPER_1	5566291	L	60
SUPER_1	5566291	L	60
SUPER_1	5566291	L	60
SUPER_1	5566291	L	60
SUPER_1	5566291	L	60
SUPER_1	5566291	L	60
SUPER_1	5566291	L	60
SUPER_1	5566291	L	60
SUPER_1	5566291	L	60
SUPER_1	5566291	L	60
SUPER_1	5566291	L	60
SUPER_1	5566291	L	60
SUPER_1	5566291	L	60
SUPER_1	5566291	L	60
SUPER_1	5566291	L	60
SUPER_1	5566291	L	60
SUPER_1	5566291	L	60
SUPER_1	5566291	L	60
SUPER_1	5566291	L	60
SUPER_1	5566291	L	60
SUPER_1	5566291	L	60
SUPER_1	5566291	L	60
SUPER_1	5566291	L	60
SUPER_1	5566291	L	60
SUPER_1	5566291	L	60
SUPER_1	5566291	L	60
SUPER_1	5566291	L	60
SUPER_1	5566291	L	60
SUPER_1	5566291	L	60
SUPER_1	5566291	L	60
SUPER_1	5566291	L	60
SUPER_1	5566291	L	60
SUPER_1	5566291	L	60
SUPER_1	5566291	L	60
SUPER_1	5566291	L	60
SUPER_1	5566291	L	60
SUPER_1	5566291	L	60
SUPER_1	5566291	L	60
SUPER_1	5566291	L	60
SUPER_1	5566291	L	60
SUPER_1	5566291	L	60
SUPER_1	5566291	L	60
SUPER_1	5566291	L	60
SUPER_1	5566291	L	60
SUPER_1	5566291	L	60
SUPER_1	5566291	L	60
SUPER_1	5566291	L	60
SUPER_1	5566291	L	60
SUPER_1	5566291	L	60
SUPER_1	5566291	L	60
SUPER_1	5566291	L	60
SUPER_1	5566291	L	60
SUPER_1	5566291	L	60
SUPER_1	5566291	L	60
SUPER_1	5566291	L	60
SUPER_1	5566291	L	60
SUPER_1	5566291	L	60
SUPER_1	5566291	L	60
SUPER_1	5566291	L	60
SUPER_1	5566291	L	60
SUPER_1	5566291	L	60
SUPER_1	5566291	L	60
SUPER_1	5566291	L	60
SUPER_1	5566291	L	60
SUPER_1	5566291	L	60
SUPER_1	5566291	L	60
SUPER_1	5566291	L	60
SUPER_1	5566291	L	60
SUPER_1	5566291	L	60
SUPER_1	5566291	L	60
SUPER_1	5566291	L	60
SUPER_1	5566291	L	60
SUPER_1	5566291	L	60
SUPER_1	5566291	L	60
SUPER_1	5566291	L	60
SUPER_1	5566291	L	60
SUPER_1	5566291	L	60
SUPER_1	5566291	L	60
SUPER_1	5566291	L	60
SUPER_1	5566291	L	60
SUPER_1	5566291	L	60
SUPER_1	5566291	L	60
SUPER_1	5566291	L	60
SUPER_1	5566291	L	60
SUPER_1	5566291	L	60
SUPER_1	5566291	L	60
SUPER_1	5566291	L	60
SUPER_1	5566291	L	60
SUPER_1	5566291	L	60
SUPER_1	5566291	L	60
SUPER_1	5566291	L	60
SUPER_1	5566291	L	60
SUPER_1	5566291	L	60
SUPER_1	5566291	L	60
SUPER_1	5566291	L	60
SUPER_1	5566291	L	60
SUPER_1	5566291	L	60
SUPER_1	5566291	L	60
SUPER_1	5566291	L	60
SUPER_1	5566291	L	60
SUPER_1	5566291	L	60
SUPER_1	5566291	L	60
SUPER_1	5566291	L	60
SUPER_1	5566291	L	60
SUPER_1	5566291	L	60
SUPER_1	5566291	L	60
SUPER_1	5566291	L	60
SUPER_1	5566291	L	60
SUPER_1	5566291	L	60
SUPER_1	5566291	L	60
SUPER_1	5566291	L	60
SUPER_1	5566291	L	60
SUPER_1	5566291	L	60
SUPER_1	5566291	L	60
SUPER_1	5566291	L	60
SUPER_1	5566291	L	60
SUPER_1	5566291	L	60
SUPER_1	5566291	L	60
SUPER_1	5566291	L	60
SUPER_1	5566291	L	60
SUPER_1	5566291	L	60
SUPER_1	5566291	L	60
SUPER_1	5566291	L	60
SUPER_1	5566291	L	60
SUPER_1	5566291	L	60
SUPER_1	5566291	L	60
SUPER_1	5566291	L	60
SUPER_1	5566291	L	60
SUPER_1	5566291	L	60
SUPER_1	5566291	L	60
SUPER_1	5566291	L	60
SUPER_1	5566291	L	60
SUPER_1	5566291	L	60
SUPER_1	5566291	L	60
SUPER_1	5566291	L	60
SUPER_1	5566291	L	60
SUPER_1	5566291	L	60
SUPER_1	5566291	L	60
SUPER_1	5566291	L	60
SUPER_1	5566291	L	60
SUPER_1	5566291	L	60
SUPER_1	5566291	L	60
SUPER_1	5566291	L	60
SUPER_1	5566291	L	60
SUPER_1	5566291	L	60
SUPER_1	5566291	L	60
SUPER_1	5566291	L	60
SUPER_1	5566291	L	60
SUPER_1	5566291	L	60
SUPER_1	5566291	L	60
SUPER_1	5566291	L	60
SUPER_1	5566291	L	60
SUPER_1	5566291	L	60
SUPER_1	5566291	L	60
SUPER_1	5566291	L	60
SUPER_1	5566291	L	60
SUPER_1	5566291	L	60
SUPER_1	5566291	L	60
SUPER_1	5566291	L	60
SUPER_1	5566291	L	60
SUPER_1	5566291	L	60
SUPER_1	5566291	L	60
SUPER_1	5566291	L	60
SUPER_1	5566291	L	60
SUPER_1	5566291	L	60
SUPER_1	5566291	L	60
SUPER_1	5566291	L	60
SUPER_1	5566291	L	60
SUPER_1	5566291	L	60
SUPER_1	5566291	L	60
SUPER_1	5566291	L	60
SUPER_1	5566291	L	60
SUPER_1	5566291	L	60
SUPER_1	5566291	L	60
SUPER_1	5566291	L	60
SUPER_1	5566291	L	60
SUPER_1	5566291	L	60
SUPER_1	5566291	L	60
SUPER_1	5566291	L	60
SUPER_1	5566291	L	60
SUPER_1	5566291	L	60
SUPER_1	5566291	L	60
SUPER_1	5566291	L	60
SUPER_1	5566291	L	60
SUPER_1	5566291	L	60
SUPER_1	5566291	L	60
SUPER_1	5566291	L	60
SUPER_1	5566291	L	60
SUPER_1	5566291	L	60
SUPER_1	5566291	L	60
SUPER_1	5566291	L	60
SUPER_1	5566291	L	60
SUPER_1	5566291	L	60
SUPER_1	5566291	L	60
SUPER_1	5566291	L	60
SUPER_1	5566291	L	60
SUPER_1	5566291	L	60
SUPER_1	5566291	L	60
SUPER_1	5566291	L	60
SUPER_1	5566291	L	60
SUPER_1	5566291	L	60
SUPER_1	5566291	L	60
SUPER_1	5566291	L	60
SUPER_1	5566291	L	60
SUPER_1	5566291	L	60
SUPER_1	5566291	L	60
SUPER_1	5566291	L	60
SUPER_1	5566291	L	60
SUPER_1	5566291	L	60
SUPER_1	5566291	L	60
SUPER_1	5566291	L	60
SUPER_1	5566291	L	60
SUPER_1	5566291	L	60
SUPER_1	5566291	L	60
SUPER_1	5566291	L	60
SUPER_1	5566291	L	60
SUPER_1	5566291	L	60
SUPER_1	5566291	L	60
SUPER_1	5566291	L	60
SUPER_1	5566291	L	60
SUPER_1	5566291	L	60
SUPER_1	5566291	L	60
SUPER_1	5566291	L	60
SUPER_1	5566291	L	60
SUPER_1	5566291	L	60
SUPER_1	5566291	L	60
SUPER_1	5566291	L	60
SUPER_1	5566291	L	60
SUPER_1	5566291	L	60
SUPER_1	5566291	L	60
SUPER_1	5566291	L	60
SUPER_1	5566291	L	60
SUPER_1	5566291	L	60
SUPER_1	5566291	L	60
SUPER_1	5566291	L	60
SUPER_1	5566291	L	60
SUPER_1	5566291	L	60
SUPER_1	5566291	L	60
SUPER_1	5566291	L	60
SUPER_1	5566291	L	60
SUPER_1	5566291	L	60
SUPER_1	5566291	L	60
SUPER_1	5566291	L	60
SUPER_1	5566291	L	60
SUPER_1	5566291	L	60
SUPER_1	5566291	L	60
SUPER_1	5566291	L	60
SUPER_1	5566291	L	60
SUPER_1	5566291	L	60
SUPER_1	5566291	L	60
SUPER_1	5566291	L	60
SUPER_1	5566293	L	60
SUPER_1	5566293	L	60
SUPER_1	5566293	L	60
SUPER_1	5566293	L	60
SUPER_1	5566294	L	60
SUPER_1	5566294	L	60
SUPER_1	5566295	L	60
SUPER_1	5566295	L	60
SUPER_1	5566295	L	60
SUPER_1	5566295	L	60
SUPER_1	5566296	L	60
SUPER_1	5566296	L	60
SUPER_1	5566296	L	60
SUPER_1	5566296	L	60
SUPER_1	5566296	L	60
SUPER_1	5566296	L	60
SUPER_1	5566296	L	60
SUPER_1	5566296	L	60
SUPER_1	5566296	L	60
SUPER_1	5566297	L	60
SUPER_1	5566299	L	60
SUPER_1	5566299	L	60
SUPER_1	5566302	L	60
SUPER_1	5566303	L	60
SUPER_1	5566312	L	60
SUPER_1	9959034	R	60
SUPER_1	10908634	R	60
SUPER_1	10908633	R	60
SUPER_1	10908636	R	60
SUPER_1	10908636	R	60
SUPER_1	10908636	R	60
SUPER_1	10908636	R	60
SUPER_1	10908634	R	60
SUPER_1	10908636	R	60
SUPER_1	10908636	R	60
SUPER_1	10908636	R	60
SUPER_1	10908636	R	60
SUPER_1	10908636	R	60
SUPER_1	10908636	R	60
SUPER_1	10908636	R	60
SUPER_1	10908636	R	60
SUPER_1	10908636	R	60
SUPER_1	10908636	R	60
SUPER_1	10908636	R	60
SUPER_1	10908636	R	60
SUPER_1	10908636	R	60
SUPER_1	10908630	R	60
SUPER_1	10908636	R	60
SUPER_1	10908636	R	60
SUPER_1	10908636	R	60
SUPER_1	10908636	R	60
SUPER_1	10908636	R	60
SUPER_1	10908636	R	60
SUPER_1	10908636	R	60
SUPER_1	10908636	R	60
SUPER_1	10908636	R	60
SUPER_1	10908636	R	60
SUPER_1	10908636	R	60
SUPER_1	10908636	R	60
SUPER_1	10908636	R	60
SUPER_1	10908636	R	60
SUPER_1	10908636	R	60
SUPER_1	10908636	R	60
SUPER_1	10908636	R	60
SUPER_1	10908636	R	60
SUPER_1	10908636	R	60
SUPER_1	10908636	R	60
SUPER_1	10908636	R	60
SUPER_1	10908636	R	60
SUPER_1	10908636	R	60
SUPER_1	10908636	R	60
SUPER_1	10908636	R	60
SUPER_1	10908636	R	60
SUPER_1	10908636	R	60
SUPER_1	10908636	R	60
SUPER_1	10908636	R	60
SUPER_1	10908636	R	60
SUPER_1	10908636	R	60
SUPER_1	10908636	R	60
SUPER_1	10908636	R	60
SUPER_1	10908636	R	60
SUPER_1	10908636	R	60
SUPER_1	10908636	R	60
SUPER_1	10908629	R	60
SUPER_1	10908636	R	60
SUPER_1	10908636	R	60
SUPER_1	10908636	R	60
SUPER_1	10908636	R	60
SUPER_1	10908636	R	60
SUPER_1	10908636	R	60
SUPER_1	10908636	R	60
SUPER_1	10908636	R	60
SUPER_1	10908636	R	60
SUPER_1	10908636	R	60
SUPER_1	10908636	R	60
SUPER_1	10908631	R	60
SUPER_1	10908636	R	60
SUPER_1	10908628	R	60
SUPER_1	10908633	R	60
SUPER_1	10908636	R	60
SUPER_1	10908636	R	60
SUPER_1	10908636	R	60
SUPER_1	10908636	R	60
SUPER_1	10908636	R	60
SUPER_1	10908636	R	60
SUPER_1	10908636	R	60
SUPER_1	10908636	R	60
SUPER_1	10908636	R	60
SUPER_1	10908636	R	60
SUPER_1	10908636	R	60
SUPER_1	10908636	R	60
SUPER_1	10908636	R	60
SUPER_1	10908636	R	60
SUPER_1	10908634	R	60
SUPER_1	10908636	R	60
SUPER_1	10908636	R	60
SUPER_1	10908636	R	60
SUPER_1	10908636	R	60
SUPER_1	10908634	R	60
SUPER_1	10908636	R	60
SUPER_1	10908636	R	60
SUPER_1	10908636	R	60
SUPER_1	10908636	R	60
SUPER_1	10908636	R	60
SUPER_1	10908636	R	60
SUPER_1	10908636	R	60
SUPER_1	10908636	R	60
SUPER_1	10908636	R	60
SUPER_1	10908636	R	60
SUPER_1	10908636	R	60
SUPER_1	10908636	R	60
SUPER_1	10908636	R	60
SUPER_1	10908636	R	60
SUPER_1	10908636	R	60
SUPER_1	10908636	R	60
SUPER_1	10908634	R	60
SUPER_1	10908636	R	60
SUPER_1	10908636	R	60
SUPER_1	10908629	R	60
SUPER_1	10908636	R	60
SUPER_1	10908636	R	60
SUPER_1	10908636	R	60
SUPER_1	10908636	R	60
SUPER_1	10908636	R	60
SUPER_1	10908636	R	60
SUPER_1	10908636	R	60
SUPER_1	10908636	R	60
SUPER_1	10908636	R	60
SUPER_1	10908636	R	60
SUPER_1	10908636	R	60
SUPER_1	10908636	R	60
SUPER_1	10908636	R	60
SUPER_1	10908636	R	60
SUPER_1	10908636	R	60
SUPER_1	10908636	R	60
SUPER_1	10908636	R	60
SUPER_1	10908636	R	60
SUPER_1	10908636	R	60
SUPER_1	10908636	R	60
SUPER_1	10908636	R	60
SUPER_1	10908636	R	60
SUPER_1	10908636	R	60
SUPER_1	10908636	R	60
SUPER_1	10908636	R	60
SUPER_1	10908636	R	60
SUPER_1	10908636	R	60
SUPER_1	10908636	R	60
SUPER_1	10908636	R	60
SUPER_1	10908636	R	60
SUPER_1	10908636	R	60
SUPER_1	10908636	R	60
SUPER_1	10908636	R	60
SUPER_1	10908636	R	60
SUPER_1	10908636	R	60
SUPER_1	10908636	R	60
SUPER_1	10908636	R	60
SUPER_1	10908636	R	60
SUPER_1	10908636	R	60
SUPER_1	10908636	R	60
SUPER_1	10908636	R	60
SUPER_1	10908636	R	60
SUPER_1	10908636	R	60
SUPER_1	10908636	R	60
SUPER_1	10908636	R	60
SUPER_1	10908636	R	60
SUPER_1	10908636	R	60
SUPER_1	10908636	R	60
SUPER_1	10908636	R	60
SUPER_1	10908636	R	60
SUPER_1	10908636	R	60
SUPER_1	10908636	R	60
SUPER_1	10908636	R	60
SUPER_1	10908636	R	60
SUPER_1	10908636	R	60
SUPER_1	10908636	R	60
SUPER_1	10908636	R	60
SUPER_1	10908636	R	60
SUPER_1	10908636	R	60
SUPER_1	10908636	R	60
SUPER_1	10908636	R	60
SUPER_1	10908636	R	60
SUPER_1	10908636	R	60
SUPER_1	10908636	R	60
SUPER_1	10908636	R	60
SUPER_1	10908636	R	60
SUPER_1	10908636	R	60
SUPER_1	10908636	R	60
SUPER_1	10908636	R	60
SUPER_1	10908636	R	60
SUPER_1	10908636	R	60
SUPER_1	10908636	R	60
SUPER_1	10908634	R	60
SUPER_1	10908636	R	60
SUPER_1	10908636	R	60
SUPER_1	10908636	R	60
SUPER_1	10908636	R	60
SUPER_1	10908636	R	60
SUPER_1	10908636	R	60
SUPER_1	10908636	R	60
SUPER_1	10908636	R	60
SUPER_1	10908636	R	60
SUPER_1	10908636	R	60
SUPER_1	10908629	R	60
SUPER_1	10908636	R	60
SUPER_1	10908636	R	60
SUPER_1	10908636	R	60
SUPER_1	10908636	R	60
SUPER_1	10908636	R	60
SUPER_1	10908636	R	60
SUPER_1	10908636	R	60
SUPER_1	10908636	R	60
SUPER_1	10908636	R	60
SUPER_1	10908636	R	60
SUPER_1	10908633	R	60
SUPER_1	10908636	R	60
SUPER_1	10908636	R	60
SUPER_1	10908636	R	60
SUPER_1	10908636	R	60
SUPER_1	10908636	R	60
SUPER_1	10908636	R	60
SUPER_1	10908636	R	60
SUPER_1	10908636	R	60
SUPER_1	10908627	R	60
SUPER_1	10908636	R	60
SUPER_1	10908636	R	60
SUPER_1	10908636	R	60
SUPER_1	10908636	R	60
SUPER_1	10908636	R	60
SUPER_1	10908636	R	60
SUPER_1	10908636	R	60
SUPER_1	10908636	R	60
SUPER_1	10908636	R	60
SUPER_1	10908636	R	60
SUPER_1	10908636	R	60
SUPER_1	10908636	R	60
SUPER_1	10908636	R	60
SUPER_1	10908636	R	60
SUPER_1	10908636	R	60
SUPER_1	10908636	R	60
SUPER_1	10908636	R	60
SUPER_1	10908636	R	60
SUPER_1	10908636	R	60
SUPER_1	10908636	R	60
SUPER_1	10908636	R	60
SUPER_1	10908636	R	60
SUPER_1	10908636	R	60
SUPER_1	10908636	R	60
SUPER_1	10908636	R	60
SUPER_1	10908636	R	60
SUPER_1	10908636	R	60
SUPER_1	10908636	R	60
SUPER_1	10908636	R	60
SUPER_1	10908636	R	60
SUPER_1	10908636	R	60
SUPER_1	10908636	R	60
SUPER_1	10908636	R	60
SUPER_1	10908636	R	60
SUPER_1	10908636	R	60
SUPER_1	10908636	R	60
SUPER_1	10908636	R	60
SUPER_1	10908636	R	60
SUPER_1	10908636	R	60
SUPER_1	10908636	R	60
SUPER_1	10908636	R	60
SUPER_1	10908636	R	60
SUPER_1	10908636	R	60
SUPER_1	10908636	R	60
SUPER_1	10908636	R	60
SUPER_1	10908636	R	60
SUPER_1	10908636	R	60
SUPER_1	10908636	R	60
SUPER_1	10908636	R	60
SUPER_1	10908636	R	60
SUPER_1	10908636	R	60
SUPER_1	10908636	R	60
SUPER_1	10908633	R	60
SUPER_1	10908636	R	60
SUPER_1	10908636	R	60
SUPER_1	10908628	R	60
SUPER_1	10908636	R	60
SUPER_1	10908634	R	60
SUPER_1	10908636	R	60
SUPER_1	10908636	R	60
SUPER_1	10908636	R	60
SUPER_1	10908636	R	60
SUPER_1	10908636	R	60
SUPER_1	10908636	R	60
SUPER_1	10908636	R	60
SUPER_1	10908636	R	60
SUPER_1	10908636	R	60
SUPER_1	10908636	R	60
SUPER_1	10908636	R	60
SUPER_1	10908636	R	60
SUPER_1	10908636	R	60
SUPER_1	10908636	R	60
SUPER_1	10908636	R	60
SUPER_1	10908636	R	60
SUPER_1	10908634	R	60
SUPER_1	10908636	R	60
SUPER_1	10908636	R	60
SUPER_1	10908636	R	60
SUPER_1	10908636	R	60
SUPER_1	10908633	R	60
SUPER_1	10908636	R	60
SUPER_1	10908636	R	60
SUPER_1	10908636	R	60
SUPER_1	10908636	R	60
SUPER_1	10908636	R	60
SUPER_1	10908636	R	60
SUPER_1	10908636	R	60
SUPER_1	10908636	R	60
SUPER_1	10908636	R	60
SUPER_1	10908636	R	60
SUPER_1	10908636	R	60
SUPER_1	10908636	R	60
SUPER_1	10908636	R	60
SUPER_1	10908636	R	60
SUPER_1	10908636	R	60
SUPER_1	10908636	R	60
SUPER_1	10908636	R	60
SUPER_1	10908636	R	60
SUPER_1	10908636	R	60
SUPER_1	10908636	R	60
SUPER_1	10908636	R	60
SUPER_1	10908636	R	60
SUPER_1	10908636	R	60
SUPER_1	10908636	R	60
SUPER_1	10908636	R	60
SUPER_1	10908636	R	60
SUPER_1	10908636	R	60
SUPER_1	10908636	R	60
SUPER_1	10908636	R	60
SUPER_1	10908636	R	60
SUPER_1	10908636	R	60
SUPER_1	10908636	R	60
SUPER_1	10908636	R	60
SUPER_1	10908636	R	60
SUPER_1	10908636	R	60
SUPER_1	10908634	R	60
SUPER_1	10908636	R	60
SUPER_1	10908636	R	60
SUPER_1	10908636	R	60
SUPER_1	10908636	R	60
SUPER_1	10908636	R	60
SUPER_1	10908636	R	60
SUPER_1	10908636	R	60
SUPER_1	10908636	R	60
SUPER_1	10908636	R	60
SUPER_1	10908636	R	60
SUPER_1	10908636	R	60
SUPER_1	10908636	R	60
SUPER_1	10908636	R	60
SUPER_1	10908636	R	60
SUPER_1	10908636	R	60
SUPER_1	10908636	R	60
SUPER_1	10908636	R	60
SUPER_1	10908636	R	60
SUPER_1	10908636	R	60
SUPER_1	10908631	R	60
SUPER_1	10908636	R	60
SUPER_1	10908636	R	60
SUPER_1	10908636	R	60
SUPER_1	10908636	R	60
SUPER_1	10908636	R	60
SUPER_1	10908636	R	60
SUPER_1	10908636	R	60
SUPER_1	10908636	R	60
SUPER_1	10908636	R	60
SUPER_1	10908636	R	60
SUPER_1	10908636	R	60
SUPER_1	10908636	R	60
SUPER_1	10909539	L	60
SUPER_1	11503037	L	33
SUPER_1	11743627	L	57
SUPER_1	13336190	R	60
SUPER_1	13336190	R	60
SUPER_1	13336190	R	60
SUPER_1	13336191	L	60
SUPER_1	13336192	L	60
SUPER_1	13336192	L	60
SUPER_1	13336192	L	60
SUPER_1	13336192	L	60
SUPER_1	13336192	L	60
SUPER_1	13336192	L	60
SUPER_1	13336192	L	60
SUPER_1	13336192	L	60
SUPER_1	13336192	L	60
SUPER_1	13336192	L	60
SUPER_1	13336192	L	60
SUPER_1	13336192	L	60
SUPER_1	13336192	L	60
SUPER_1	13336192	L	60
SUPER_1	13336192	L	60
SUPER_1	13336192	L	60
SUPER_1	13336192	L	60
SUPER_1	13336192	L	60
SUPER_1	13336192	L	60
SUPER_1	13336192	L	60
SUPER_1	13336192	L	60
SUPER_1	13336192	L	60
SUPER_1	13336192	L	60
SUPER_1	13336192	L	60
SUPER_1	13336192	L	60
SUPER_1	13336192	L	60
SUPER_1	13336192	L	60
SUPER_1	13336192	L	60
SUPER_1	13336192	L	60
SUPER_1	13336192	L	60
SUPER_1	13336192	L	60
SUPER_1	13336192	L	60
SUPER_1	13336192	L	60
SUPER_1	13336192	L	60
SUPER_1	13336192	L	60
SUPER_1	13336192	L	60
SUPER_1	13336192	L	60
SUPER_1	13336192	L	60
SUPER_1	13336192	L	60
SUPER_1	13336192	L	60
SUPER_1	13336192	L	60
SUPER_1	13336192	L	60
SUPER_1	13336192	L	60
SUPER_1	13336192	L	60
SUPER_1	13336192	L	60
SUPER_1	13336192	L	60
SUPER_1	13336192	L	60
SUPER_1	13336192	L	60
SUPER_1	13336192	L	60
SUPER_1	13336192	L	60
SUPER_1	13336192	L	60
SUPER_1	13336192	L	60
SUPER_1	13336192	L	60
SUPER_1	13336192	L	60
SUPER_1	13336192	L	60
SUPER_1	13336192	L	60
SUPER_1	13336192	L	60
SUPER_1	13336192	L	60
SUPER_1	13336192	L	60
SUPER_1	13336192	L	60
SUPER_1	13336192	L	60
SUPER_1	13336192	L	60
SUPER_1	13336192	L	60
SUPER_1	13336192	L	60
SUPER_1	13336192	L	60
SUPER_1	13336192	L	60
SUPER_1	13336192	L	60
SUPER_1	13336192	L	60
SUPER_1	13336192	L	60
SUPER_1	13336192	L	60
SUPER_1	13336192	L	60
SUPER_1	13336192	L	60
SUPER_1	13336192	L	60
SUPER_1	13336192	L	60
SUPER_1	13336192	L	60
SUPER_1	13336192	L	60
SUPER_1	13336192	L	60
SUPER_1	13336192	L	60
SUPER_1	13336192	L	60
SUPER_1	13336192	L	60
SUPER_1	13336192	L	60
SUPER_1	13336192	L	60
SUPER_1	13336192	L	60
SUPER_1	13336192	L	60
SUPER_1	13336192	L	60
SUPER_1	13336192	L	60
SUPER_1	13336192	L	60
SUPER_1	13336192	L	60
SUPER_1	13336192	L	60
SUPER_1	13336192	L	60
SUPER_1	13336192	L	60
SUPER_1	13336192	L	60
SUPER_1	13336192	L	60
SUPER_1	13336192	L	60
SUPER_1	13336192	L	60
SUPER_1	13336192	L	60
SUPER_1	13336192	L	60
SUPER_1	13336192	L	60
SUPER_1	13336192	L	60
SUPER_1	13336192	L	60
SUPER_1	13336192	L	60
SUPER_1	13336192	L	60
SUPER_1	13336192	L	60
SUPER_1	13336192	L	60
SUPER_1	13336192	L	60
SUPER_1	13336192	L	60
SUPER_1	13336192	L	60
SUPER_1	13336192	L	60
SUPER_1	13336192	L	60
SUPER_1	13336192	L	60
SUPER_1	13336192	L	60
SUPER_1	13336192	L	60
SUPER_1	13336192	L	60
SUPER_1	13336192	L	60
SUPER_1	13336192	L	60
SUPER_1	13336192	L	60
SUPER_1	13336192	L	60
SUPER_1	13336192	L	60
SUPER_1	13336192	L	60
SUPER_1	13336192	L	60
SUPER_1	13336192	L	60
SUPER_1	13336192	L	60
SUPER_1	13336192	L	60
SUPER_1	13336192	L	60
SUPER_1	13336192	L	60
SUPER_1	13336192	L	60
SUPER_1	13336192	L	60
SUPER_1	13336192	L	60
SUPER_1	13336192	L	60
SUPER_1	13336192	L	60
SUPER_1	13336192	L	60
SUPER_1	13336192	L	60
SUPER_1	13336192	L	60
SUPER_1	13336192	L	60
SUPER_1	13336192	L	60
SUPER_1	13336192	L	60
SUPER_1	13336192	L	60
SUPER_1	13336192	L	60
SUPER_1	13336192	L	60
SUPER_1	13336192	L	60
SUPER_1	13336192	L	60
SUPER_1	13336192	L	60
SUPER_1	13336192	L	60
SUPER_1	13336192	L	60
SUPER_1	13336192	L	60
SUPER_1	13336192	L	60
SUPER_1	13336192	L	60
SUPER_1	13336192	L	60
SUPER_1	13336192	L	60
SUPER_1	13336192	L	60
SUPER_1	13336192	L	60
SUPER_1	13336192	L	60
SUPER_1	13336192	L	60
SUPER_1	13336192	L	60
SUPER_1	13336192	L	60
SUPER_1	13336192	L	60
SUPER_1	13336192	L	60
SUPER_1	13336192	L	60
SUPER_1	13336192	L	60
SUPER_1	13336192	L	60
SUPER_1	13336192	L	60
SUPER_1	13336192	L	60
SUPER_1	13336192	L	60
SUPER_1	13336192	L	60
SUPER_1	13336192	L	60
SUPER_1	13336192	L	60
SUPER_1	13336192	L	60
SUPER_1	13336192	L	60
SUPER_1	13336192	L	60
SUPER_1	13336192	L	60
SUPER_1	13336192	L	60
SUPER_1	13336192	L	60
SUPER_1	13336192	L	60
SUPER_1	13336192	L	60
SUPER_1	13336192	L	60
SUPER_1	13336192	L	60
SUPER_1	13336192	L	60
SUPER_1	13336192	L	60
SUPER_1	13336192	L	60
SUPER_1	13336192	L	60
SUPER_1	13336192	L	60
SUPER_1	13336192	L	60
SUPER_1	13336192	L	60
SUPER_1	13336192	L	60
SUPER_1	13336192	L	60
SUPER_1	13336192	L	60
SUPER_1	13336192	L	60
SUPER_1	13336192	L	60
SUPER_1	13336192	L	60
SUPER_1	13336192	L	60
SUPER_1	13336192	L	60
SUPER_1	13336192	L	60
SUPER_1	13336192	L	60
SUPER_1	13336192	L	60
SUPER_1	13336192	L	60
SUPER_1	13336192	L	60
SUPER_1	13336192	L	60
SUPER_1	13336192	L	60
SUPER_1	13336192	L	60
SUPER_1	13336192	L	60
SUPER_1	13336192	L	60
SUPER_1	13336192	L	60
SUPER_1	13336192	L	60
SUPER_1	13336192	L	60
SUPER_1	13336192	L	60
SUPER_1	13336192	L	60
SUPER_1	13336192	L	60
SUPER_1	13336192	L	60
SUPER_1	13336192	L	60
SUPER_1	13336192	L	60
SUPER_1	13336192	L	60
SUPER_1	13336192	L	60
SUPER_1	13336192	L	60
SUPER_1	13336192	L	60
SUPER_1	13336192	L	60
SUPER_1	13336192	L	60
SUPER_1	13336192	L	60
SUPER_1	13336192	L	60
SUPER_1	13336192	L	60
SUPER_1	13336192	L	60
SUPER_1	13336192	L	60
SUPER_1	13336192	L	60
SUPER_1	13336192	L	60
SUPER_1	13336192	L	60
SUPER_1	13336192	L	60
SUPER_1	13336192	L	60
SUPER_1	13336192	L	60
SUPER_1	13336192	L	60
SUPER_1	13336192	L	60
SUPER_1	13336192	L	60
SUPER_1	13336192	L	60
SUPER_1	13336192	L	60
SUPER_1	13336192	L	60
SUPER_1	13336192	L	60
SUPER_1	13336192	L	60
SUPER_1	13336192	L	60
SUPER_1	13336192	L	60
SUPER_1	13336192	L	60
SUPER_1	13336192	L	60
SUPER_1	13336192	L	60
SUPER_1	13336192	L	60
SUPER_1	13336192	L	60
SUPER_1	13336192	L	60
SUPER_1	13336192	L	60
SUPER_1	13336192	L	60
SUPER_1	13336192	L	60
SUPER_1	13336192	L	60
SUPER_1	13336192	L	60
SUPER_1	13336192	L	60
SUPER_1	13336192	L	60
SUPER_1	13336192	L	60
SUPER_1	13336192	L	60
SUPER_1	13336192	L	60
SUPER_1	13336192	L	60
SUPER_1	13336192	L	60
SUPER_1	13336192	L	60
SUPER_1	13336192	L	60
SUPER_1	13336192	L	60
SUPER_1	13336192	L	60
SUPER_1	13336192	L	60
SUPER_1	13336192	L	60
SUPER_1	13336192	L	60
SUPER_1	13336192	L	60
SUPER_1	13336192	L	60
SUPER_1	13336192	L	60
SUPER_1	13336192	L	60
SUPER_1	13336192	L	60
SUPER_1	13336192	L	60
SUPER_1	13336192	L	60
SUPER_1	13336192	L	60
SUPER_1	13336192	L	60
SUPER_1	13336192	L	60
SUPER_1	13336192	L	60
SUPER_1	13336192	L	60
SUPER_1	13336192	L	60
SUPER_1	13336192	L	60
SUPER_1	13336192	L	60
SUPER_1	13336192	L	60
SUPER_1	13336192	L	60
SUPER_1	13336192	L	60
SUPER_1	13336192	L	60
SUPER_1	13336192	L	60
SUPER_1	13336192	L	60
SUPER_1	13336192	L	60
SUPER_1	13336192	L	60
SUPER_1	13336192	L	60
SUPER_1	13336192	L	60
SUPER_1	13336192	L	60
SUPER_1	13336192	L	60
SUPER_1	13336192	L	60
SUPER_1	13336192	L	60
SUPER_1	13336192	L	60
SUPER_1	13336192	L	60
SUPER_1	13336192	L	60
SUPER_1	13336192	L	60
SUPER_1	13336192	L	60
SUPER_1	13336192	L	60
SUPER_1	13336192	L	60
SUPER_1	13336192	L	60
SUPER_1	13336192	L	60
SUPER_1	13336192	L	60
SUPER_1	13336192	L	60
SUPER_1	13336192	L	60
SUPER_1	13336192	L	60
SUPER_1	13336192	L	60
SUPER_1	13336192	L	60
SUPER_1	13336192	L	60
SUPER_1	13336192	L	60
SUPER_1	13336192	L	60
SUPER_1	13336192	L	60
SUPER_1	13336192	L	60
SUPER_1	13336192	L	60
SUPER_1	13336192	L	60
SUPER_1	13336192	L	60
SUPER_1	13336192	L	60
SUPER_1	13336192	L	60
SUPER_1	13336192	L	60
SUPER_1	13336192	L	60
SUPER_1	13336192	L	60
SUPER_1	13336192	L	60
SUPER_1	13336192	L	60
SUPER_1	13336192	L	60
SUPER_1	13336192	L	60
SUPER_1	13336192	L	60
SUPER_1	13336192	L	60
SUPER_1	13336192	L	60
SUPER_1	13336192	L	60
SUPER_1	13336192	L	60
SUPER_1	13336192	L	60
SUPER_1	13336192	L	60
SUPER_1	13336192	L	60
SUPER_1	13336192	L	60
SUPER_1	13336192	L	60
SUPER_1	13336192	L	60
SUPER_1	13336192	L	60
SUPER_1	13336192	L	60
SUPER_1	13336192	L	60
SUPER_1	13336192	L	60
SUPER_1	13336192	L	60
SUPER_1	13336192	L	60
SUPER_1	13336192	L	60
SUPER_1	13336192	L	60
SUPER_1	13336192	L	60
SUPER_1	13336192	L	60
SUPER_1	13336192	L	60
SUPER_1	13336192	L	60
SUPER_1	13336192	L	60
SUPER_1	13336192	L	60
SUPER_1	13336192	L	60
SUPER_1	13336192	L	60
SUPER_1	13336192	L	60
SUPER_1	13336192	L	60
SUPER_1	13336192	L	60
SUPER_1	13336192	L	60
SUPER_1	13336192	L	60
SUPER_1	13336192	L	60
SUPER_1	13336192	L	60
SUPER_1	13336192	L	60
SUPER_1	13336192	L	60
SUPER_1	13336192	L	60
SUPER_1	13336192	L	60
SUPER_1	13336192	L	60
SUPER_1	13336192	L	60
SUPER_1	13336192	L	60
SUPER_1	13336192	L	60
SUPER_1	13336192	L	60
SUPER_1	13336192	L	60
SUPER_1	13336192	L	60
SUPER_1	13336192	L	60
SUPER_1	13336192	L	60
SUPER_1	13336192	L	60
SUPER_1	13336192	L	60
SUPER_1	13336192	L	60
SUPER_1	13336192	L	60
SUPER_1	13336192	L	60
SUPER_1	13336192	L	60
SUPER_1	13336192	L	60
SUPER_1	13336192	L	60
SUPER_1	13336192	L	60
SUPER_1	13336192	L	60
SUPER_1	13336192	L	60
SUPER_1	13336192	L	60
SUPER_1	13336192	L	60
SUPER_1	13336192	L	60
SUPER_1	13336192	L	60
SUPER_1	13336192	L	60
SUPER_1	13336192	L	60
SUPER_1	13336192	L	60
SUPER_1	13336192	L	60
SUPER_1	13336192	L	60
SUPER_1	13336192	L	60
SUPER_1	13336192	L	60
SUPER_1	13336192	L	60
SUPER_1	13336192	L	60
SUPER_1	13336192	L	60
SUPER_1	13336194	L	60
SUPER_1	13336194	L	60
SUPER_1	13336194	L	60
SUPER_1	13336194	L	60
SUPER_1	13336194	L	60
SUPER_1	13336194	L	60
SUPER_1	13336194	L	60
SUPER_1	13336194	L	60
SUPER_1	13336194	L	60
SUPER_1	13336195	L	60
SUPER_1	13336195	L	60
SUPER_1	13336195	L	60
SUPER_1	13336195	L	60
SUPER_1	13336197	L	60
SUPER_1	13336198	L	60
SUPER_1	13336198	L	60
SUPER_1	13336199	L	60
SUPER_1	13336199	L	60
SUPER_1	13336200	L	60
SUPER_1	13336200	L	60
SUPER_1	13336200	L	60
SUPER_1	13336201	L	60
SUPER_1	13336203	L	60
SUPER_1	13336203	L	60
SUPER_1	16524992	L	60
SUPER_1	16766418	R	60
SUPER_1	17265578	R	60
SUPER_1	18003669	R	60
SUPER_1	18003669	R	60
SUPER_1	18003663	R	60
SUPER_1	18003666	R	60
SUPER_1	18003669	R	60
SUPER_1	18003669	R	60
SUPER_1	18003669	R	60
SUPER_1	18003669	R	60
SUPER_1	18003669	R	60
SUPER_1	18003669	R	60
SUPER_1	18003669	R	60
SUPER_1	18003669	R	60
SUPER_1	18003669	R	60
SUPER_1	18003669	R	60
SUPER_1	18003655	R	60
SUPER_1	18003669	R	60
SUPER_1	18003669	R	60
SUPER_1	18003669	R	60
SUPER_1	18003669	R	60
SUPER_1	18003669	R	60
SUPER_1	18003669	R	60
SUPER_1	18003669	R	60
SUPER_1	18003670	R	60
SUPER_1	18003669	R	60
SUPER_1	18003669	R	60
SUPER_1	18003669	R	60
SUPER_1	18003669	R	60
SUPER_1	18003669	R	60
SUPER_1	18003669	R	60
SUPER_1	18003669	R	60
SUPER_1	18003669	R	60
SUPER_1	18003669	R	60
SUPER_1	18003669	R	60
SUPER_1	18003669	R	60
SUPER_1	18003669	R	60
SUPER_1	18003669	R	60
SUPER_1	18003669	R	60
SUPER_1	18003669	R	60
SUPER_1	18003669	R	60
SUPER_1	18003669	R	60
SUPER_1	18003669	R	60
SUPER_1	18003669	R	60
SUPER_1	18003663	R	60
SUPER_1	18003668	R	60
SUPER_1	18003661	R	60
SUPER_1	18003669	R	60
SUPER_1	18003669	R	60
SUPER_1	18003669	R	60
SUPER_1	18003669	R	60
SUPER_1	18003669	R	60
SUPER_1	18003666	R	60
SUPER_1	18003669	R	60
SUPER_1	18003669	R	60
SUPER_1	18003669	R	60
SUPER_1	18003669	R	60
SUPER_1	18003669	R	60
SUPER_1	18003669	R	60
SUPER_1	18003669	R	60
SUPER_1	18003669	R	60
SUPER_1	18003669	R	60
SUPER_1	18003669	R	60
SUPER_1	18003669	R	60
SUPER_1	18003669	R	60
SUPER_1	18003669	R	60
SUPER_1	18003669	R	60
SUPER_1	18003669	R	60
SUPER_1	18003667	R	60
SUPER_1	18003669	R	60
SUPER_1	18003669	R	60
SUPER_1	18003669	R	60
SUPER_1	18003669	R	60
SUPER_1	18003669	R	60
SUPER_1	18003669	R	60
SUPER_1	18003669	R	60
SUPER_1	18003669	R	60
SUPER_1	18003669	R	60
SUPER_1	18003669	R	60
SUPER_1	18003669	R	60
SUPER_1	18003669	R	60
SUPER_1	18003669	R	60
SUPER_1	18003669	R	60
SUPER_1	18003664	R	60
SUPER_1	18003669	R	60
SUPER_1	18003669	R	60
SUPER_1	18003669	R	60
SUPER_1	18003669	R	60
SUPER_1	18003669	R	60
SUPER_1	18003669	R	60
SUPER_1	18003669	R	60
SUPER_1	18003669	R	60
SUPER_1	18003663	R	60
SUPER_1	18003669	R	60
SUPER_1	18003660	R	60
SUPER_1	18003660	R	60
SUPER_1	18003669	R	60
SUPER_1	18003669	R	60
SUPER_1	18003669	R	60
SUPER_1	18003669	R	60
SUPER_1	18003660	R	60
SUPER_1	18003669	R	60
SUPER_1	18003669	R	60
SUPER_1	18003669	R	60
SUPER_1	18003669	R	60
SUPER_1	18003669	R	60
SUPER_1	18003669	R	60
SUPER_1	18003670	R	60
SUPER_1	18003669	R	60
SUPER_1	18003669	R	60
SUPER_1	18003664	R	60
SUPER_1	18003669	R	60
SUPER_1	18003669	R	60
SUPER_1	18003669	R	60
SUPER_1	18003669	R	60
SUPER_1	18003669	R	60
SUPER_1	18003669	R	60
SUPER_1	18003669	R	60
SUPER_1	18003669	R	60
SUPER_1	18003669	R	60
SUPER_1	18003669	R	60
SUPER_1	18003669	R	60
SUPER_1	18003669	R	60
SUPER_1	18003669	R	60
SUPER_1	18003661	R	60
SUPER_1	18003669	R	60
SUPER_1	18003669	R	60
SUPER_1	18003669	R	60
SUPER_1	18003669	R	60
SUPER_1	18003669	R	60
SUPER_1	18003669	R	60
SUPER_1	18003669	R	60
SUPER_1	18003669	R	60
SUPER_1	18003669	R	60
SUPER_1	18003669	R	60
SUPER_1	18003669	R	60
SUPER_1	18003669	R	60
SUPER_1	18003669	R	60
SUPER_1	18003669	R	60
SUPER_1	18003669	R	60
SUPER_1	18003669	R	60
SUPER_1	18003669	R	60
SUPER_1	18003661	R	60
SUPER_1	18003669	R	60
SUPER_1	18003669	R	60
SUPER_1	18003669	R	60
SUPER_1	18003669	R	60
SUPER_1	18003667	R	60
SUPER_1	18003669	R	60
SUPER_1	18003669	R	60
SUPER_1	18003669	R	60
SUPER_1	18003669	R	60
SUPER_1	18003669	R	60
SUPER_1	18003669	R	60
SUPER_1	18003669	R	60
SUPER_1	18003669	R	60
SUPER_1	18003669	R	60
SUPER_1	18003669	R	60
SUPER_1	18003666	R	60
SUPER_1	18003669	R	60
SUPER_1	18003669	R	60
SUPER_1	18003669	R	60
SUPER_1	18003669	R	60
SUPER_1	18003669	R	60
SUPER_1	18003669	R	60
SUPER_1	18003669	R	60
SUPER_1	18003669	R	60
SUPER_1	18003669	R	60
SUPER_1	18003669	R	60
SUPER_1	18003669	R	60
SUPER_1	18003669	R	60
SUPER_1	18003669	R	60
SUPER_1	18003669	R	60
SUPER_1	18003669	R	60
SUPER_1	18003669	R	60
SUPER_1	18003670	R	60
SUPER_1	18003669	R	60
SUPER_1	18003669	R	60
SUPER_1	18003669	R	60
SUPER_1	18003669	R	60
SUPER_1	18003669	R	60
SUPER_1	18003670	R	60
SUPER_1	18003669	R	60
SUPER_1	18003669	R	60
SUPER_1	18003669	R	60
SUPER_1	18003669	R	60
SUPER_1	18003669	R	60
SUPER_1	18003669	R	60
SUPER_1	18003669	R	60
SUPER_1	18003669	R	60
SUPER_1	18003669	R	60
SUPER_1	18003669	R	60
SUPER_1	18003669	R	60
SUPER_1	18003669	R	60
SUPER_1	18003669	R	60
SUPER_1	18003669	R	60
SUPER_1	18003653	R	60
SUPER_1	18003669	R	60
SUPER_1	18003669	R	60
SUPER_1	18003669	R	60
SUPER_1	18003669	R	60
SUPER_1	18003669	R	60
SUPER_1	18003669	R	60
SUPER_1	18003669	R	60
SUPER_1	18003669	R	60
SUPER_1	18003669	R	60
SUPER_1	18003669	R	60
SUPER_1	18003669	R	60
SUPER_1	18003669	R	60
SUPER_1	18003669	R	60
SUPER_1	18003669	R	60
SUPER_1	18003664	R	60
SUPER_1	18003669	R	60
SUPER_1	18003669	R	60
SUPER_1	18003669	R	60
SUPER_1	18003669	R	60
SUPER_1	18003669	R	60
SUPER_1	18003669	R	60
SUPER_1	18003660	R	60
SUPER_1	18003669	R	60
SUPER_1	18003669	R	60
SUPER_1	18003669	R	60
SUPER_1	18003656	R	60
SUPER_1	18003669	R	60
SUPER_1	18003669	R	60
SUPER_1	18003669	R	60
SUPER_1	18003669	R	60
SUPER_1	18003669	R	60
SUPER_1	18003669	R	60
SUPER_1	18003669	R	60
SUPER_1	18003669	R	60
SUPER_1	18003669	R	60
SUPER_1	18003664	R	60
SUPER_1	18003669	R	60
SUPER_1	18003669	R	60
SUPER_1	18003669	R	60
SUPER_1	18003652	R	60
SUPER_1	18003669	R	60
SUPER_1	18003669	R	60
SUPER_1	18003669	R	60
SUPER_1	18003669	R	60
SUPER_1	18003669	R	60
SUPER_1	18003669	R	60
SUPER_1	18003669	R	60
SUPER_1	18003669	R	60
SUPER_1	18003669	R	60
SUPER_1	18003669	R	60
SUPER_1	18003669	R	60
SUPER_1	18003669	R	60
SUPER_1	18003669	R	60
SUPER_1	18003669	R	60
SUPER_1	18003656	R	60
SUPER_1	18003669	R	60
SUPER_1	18003669	R	60
SUPER_1	18003669	R	60
SUPER_1	18003669	R	60
SUPER_1	18003669	R	60
SUPER_1	18003669	R	60
SUPER_1	18003669	R	60
SUPER_1	18003669	R	60
SUPER_1	18003669	R	60
SUPER_1	18003669	R	60
SUPER_1	18003669	R	60
SUPER_1	18003669	R	60
SUPER_1	18003669	R	60
SUPER_1	18003669	R	60
SUPER_1	18003669	R	60
SUPER_1	18003669	R	60
SUPER_1	18003669	R	60
SUPER_1	18003669	R	60
SUPER_1	18003669	R	60
SUPER_1	18003669	R	60
SUPER_1	18003669	R	60
SUPER_1	18003660	R	60
SUPER_1	18003669	R	60
SUPER_1	18003669	R	60
SUPER_1	18003669	R	60
SUPER_1	18003669	R	60
SUPER_1	18003660	R	60
SUPER_1	18003669	R	60
SUPER_1	18003669	R	60
SUPER_1	18003669	R	60
SUPER_1	18003669	R	60
SUPER_1	18003669	R	60
SUPER_1	18003669	R	60
SUPER_1	18003669	R	60
SUPER_1	18003669	R	60
SUPER_1	18003669	R	60
SUPER_1	18003669	R	60
SUPER_1	18003669	R	60
SUPER_1	18003669	R	60
SUPER_1	18003669	R	60
SUPER_1	18003669	R	60
SUPER_1	18003669	R	60
SUPER_1	18003669	R	60
SUPER_1	18003669	R	60
SUPER_1	18003669	R	60
SUPER_1	18003669	R	60
SUPER_1	18003669	R	60
SUPER_1	18003669	R	60
SUPER_1	18003669	R	60
SUPER_1	18003669	R	60
SUPER_1	18003669	R	60
SUPER_1	18003669	R	60
SUPER_1	18003669	R	60
SUPER_1	18003666	R	60
SUPER_1	18003669	R	60
SUPER_1	18003669	R	60
SUPER_1	18003669	R	60
SUPER_1	18003660	R	60
SUPER_1	18003669	R	60
SUPER_1	18003669	R	60
SUPER_1	18003669	R	60
SUPER_1	18003669	R	60
SUPER_1	18003669	R	60
SUPER_1	18003669	R	60
SUPER_1	18003669	R	60
SUPER_1	18004339	L	60
SUPER_1	23131241	R	1
SUPER_1	23292558	R	1
SUPER_1	23299592	R	1
SUPER_1	23440278	R	1
SUPER_1	23627311	R	1
SUPER_1	23761769	R	1
SUPER_1	23771157	R	1
SUPER_1	23786380	R	1
SUPER_1	24095967	R	1
SUPER_1	24095967	R	1
SUPER_1	24564223	R	1
SUPER_1	24655920	R	1
SUPER_2	3604	L	1
SUPER_2	4999359	L	60
SUPER_2	4999359	L	60
SUPER_2	4999359	L	60
SUPER_2	4999359	L	60
SUPER_2	4999359	L	60
SUPER_2	4999359	L	60
SUPER_2	4999359	L	60
SUPER_2	4999359	L	60
SUPER_2	4999359	L	60
SUPER_2	4999359	L	60
SUPER_2	4999359	L	60
SUPER_2	4999359	L	60
SUPER_2	4999359	L	60
SUPER_2	4999359	L	60
SUPER_2	4999359	L	60
SUPER_2	4999359	L	60
SUPER_2	4999359	L	60
SUPER_2	4999359	L	60
SUPER_2	4999359	L	60
SUPER_2	4999359	L	60
SUPER_2	4999359	L	60
SUPER_2	4999359	L	60
SUPER_2	4999359	L	60
SUPER_2	4999359	L	60
SUPER_2	4999359	L	60
SUPER_2	4999359	L	60
SUPER_2	4999359	L	60
SUPER_2	4999359	L	60
SUPER_2	4999359	L	60
SUPER_2	4999359	L	60
SUPER_2	4999359	L	60
SUPER_2	4999359	L	60
SUPER_2	4999359	L	60
SUPER_2	4999359	L	60
SUPER_2	4999359	L	60
SUPER_2	4999359	L	60
SUPER_2	4999359	L	60
SUPER_2	4999359	L	60
SUPER_2	4999359	L	60
SUPER_2	4999359	L	60
SUPER_2	4999359	L	60
SUPER_2	4999359	L	60
SUPER_2	4999359	L	60
SUPER_2	4999359	L	60
SUPER_2	4999359	L	60
SUPER_2	4999359	L	60
SUPER_2	4999359	L	60
SUPER_2	4999359	L	60
SUPER_2	4999359	L	60
SUPER_2	4999359	L	60
SUPER_2	4999359	L	60
SUPER_2	4999359	L	60
SUPER_2	4999359	L	60
SUPER_2	4999359	L	60
SUPER_2	4999359	L	60
SUPER_2	4999359	L	60
SUPER_2	4999359	L	60
SUPER_2	4999359	L	60
SUPER_2	4999359	L	60
SUPER_2	4999359	L	60
SUPER_2	4999359	L	60
SUPER_2	4999359	L	60
SUPER_2	4999359	L	60
SUPER_2	4999359	L	60
SUPER_2	4999359	L	60
SUPER_2	4999359	L	60
SUPER_2	4999359	L	60
SUPER_2	4999359	L	60
SUPER_2	4999359	L	60
SUPER_2	4999359	L	60
SUPER_2	4999359	L	60
SUPER_2	4999359	L	60
SUPER_2	4999359	L	60
SUPER_2	4999359	L	60
SUPER_2	4999359	L	60
SUPER_2	4999359	L	60
SUPER_2	4999359	L	60
SUPER_2	4999359	L	60
SUPER_2	4999359	L	60
SUPER_2	4999359	L	60
SUPER_2	4999359	L	60
SUPER_2	4999359	L	60
SUPER_2	4999359	L	60
SUPER_2	4999359	L	60
SUPER_2	4999359	L	60
SUPER_2	4999359	L	60
SUPER_2	4999359	L	60
SUPER_2	4999359	L	60
SUPER_2	4999359	L	60
SUPER_2	4999359	L	60
SUPER_2	4999359	L	60
SUPER_2	4999359	L	60
SUPER_2	4999359	L	60
SUPER_2	4999359	L	60
SUPER_2	4999359	L	60
SUPER_2	4999359	L	60
SUPER_2	4999359	L	60
SUPER_2	4999359	L	60
SUPER_2	4999359	L	60
SUPER_2	4999359	L	60
SUPER_2	4999359	L	60
SUPER_2	4999359	L	60
SUPER_2	4999359	L	60
SUPER_2	4999359	L	60
SUPER_2	4999359	L	60
SUPER_2	4999359	L	60
SUPER_2	4999359	L	60
SUPER_2	4999359	L	60
SUPER_2	4999359	L	60
SUPER_2	4999359	L	60
SUPER_2	4999359	L	60
SUPER_2	4999359	L	60
SUPER_2	4999359	L	60
SUPER_2	4999359	L	60
SUPER_2	4999359	L	60
SUPER_2	4999359	L	60
SUPER_2	4999359	L	60
SUPER_2	4999359	L	60
SUPER_2	4999359	L	60
SUPER_2	4999359	L	60
SUPER_2	4999359	L	60
SUPER_2	4999359	L	60
SUPER_2	4999359	L	60
SUPER_2	4999359	L	60
SUPER_2	4999359	L	60
SUPER_2	4999359	L	60
SUPER_2	4999359	L	60
SUPER_2	4999359	L	60
SUPER_2	4999359	L	60
SUPER_2	4999359	L	60
SUPER_2	4999359	L	60
SUPER_2	4999359	L	60
SUPER_2	4999359	L	60
SUPER_2	4999359	L	60
SUPER_2	4999359	L	60
SUPER_2	4999359	L	60
SUPER_2	4999359	L	60
SUPER_2	4999359	L	60
SUPER_2	4999359	L	60
SUPER_2	4999359	L	60
SUPER_2	4999359	L	60
SUPER_2	4999359	L	60
SUPER_2	4999359	L	60
SUPER_2	4999359	L	60
SUPER_2	4999359	L	60
SUPER_2	4999359	L	60
SUPER_2	4999359	L	60
SUPER_2	4999359	L	60
SUPER_2	4999359	L	60
SUPER_2	4999359	L	60
SUPER_2	4999359	L	60
SUPER_2	4999359	L	60
SUPER_2	4999359	L	60
SUPER_2	4999359	L	60
SUPER_2	4999359	L	60
SUPER_2	4999359	L	60
SUPER_2	4999359	L	60
SUPER_2	4999359	L	60
SUPER_2	4999359	L	60
SUPER_2	4999359	L	60
SUPER_2	4999359	L	60
SUPER_2	4999359	L	60
SUPER_2	4999359	L	60
SUPER_2	4999359	L	60
SUPER_2	4999359	L	60
SUPER_2	4999359	L	60
SUPER_2	4999359	L	60
SUPER_2	4999359	L	60
SUPER_2	4999359	L	60
SUPER_2	4999359	L	60
SUPER_2	4999359	L	60
SUPER_2	4999359	L	60
SUPER_2	4999359	L	60
SUPER_2	4999359	L	60
SUPER_2	4999359	L	60
SUPER_2	4999359	L	60
SUPER_2	4999359	L	60
SUPER_2	4999359	L	60
SUPER_2	4999359	L	60
SUPER_2	4999359	L	60
SUPER_2	4999359	L	60
SUPER_2	4999359	L	60
SUPER_2	4999359	L	60
SUPER_2	4999359	L	60
SUPER_2	4999359	L	60
SUPER_2	4999359	L	60
SUPER_2	4999359	L	60
SUPER_2	4999359	L	60
SUPER_2	4999359	L	60
SUPER_2	4999359	L	60
SUPER_2	4999359	L	60
SUPER_2	4999359	L	60
SUPER_2	4999359	L	60
SUPER_2	4999359	L	60
SUPER_2	4999359	L	60
SUPER_2	4999359	L	60
SUPER_2	4999359	L	60
SUPER_2	4999359	L	60
SUPER_2	4999359	L	60
SUPER_2	4999359	L	60
SUPER_2	4999359	L	60
SUPER_2	4999359	L	60
SUPER_2	4999359	L	60
SUPER_2	4999359	L	60
SUPER_2	4999359	L	60
SUPER_2	4999359	L	60
SUPER_2	4999359	L	60
SUPER_2	4999359	L	60
SUPER_2	4999359	L	60
SUPER_2	4999359	L	60
SUPER_2	4999359	L	60
SUPER_2	4999359	L	60
SUPER_2	4999359	L	60
SUPER_2	4999359	L	60
SUPER_2	4999359	L	60
SUPER_2	4999359	L	60
SUPER_2	4999359	L	60
SUPER_2	4999359	L	60
SUPER_2	4999359	L	60
SUPER_2	4999359	L	60
SUPER_2	4999359	L	60
SUPER_2	4999359	L	60
SUPER_2	4999359	L	60
SUPER_2	4999359	L	60
SUPER_2	4999359	L	60
SUPER_2	4999359	L	60
SUPER_2	4999359	L	60
SUPER_2	4999359	L	60
SUPER_2	4999359	L	60
SUPER_2	4999359	L	60
SUPER_2	4999359	L	60
SUPER_2	4999359	L	60
SUPER_2	4999359	L	60
SUPER_2	4999359	L	60
SUPER_2	4999359	L	60
SUPER_2	4999359	L	60
SUPER_2	4999359	L	60
SUPER_2	4999359	L	60
SUPER_2	4999359	L	60
SUPER_2	4999359	L	60
SUPER_2	4999359	L	60
SUPER_2	4999359	L	60
SUPER_2	4999359	L	60
SUPER_2	4999359	L	60
SUPER_2	4999359	L	60
SUPER_2	4999359	L	60
SUPER_2	4999359	L	60
SUPER_2	4999359	L	60
SUPER_2	4999359	L	60
SUPER_2	4999359	L	60
SUPER_2	4999359	L	60
SUPER_2	4999359	L	60
SUPER_2	4999359	L	60
SUPER_2	4999359	L	60
SUPER_2	4999359	L	60
SUPER_2	4999359	L	60
SUPER_2	4999359	L	60
SUPER_2	4999359	L	60
SUPER_2	4999359	L	60
SUPER_2	4999359	L	60
SUPER_2	4999359	L	60
SUPER_2	4999359	L	60
SUPER_2	4999359	L	60
SUPER_2	4999359	L	60
SUPER_2	4999359	L	60
SUPER_2	4999359	L	60
SUPER_2	4999359	L	60
SUPER_2	4999359	L	60
SUPER_2	4999359	L	60
SUPER_2	4999359	L	60
SUPER_2	4999359	L	60
SUPER_2	4999359	L	60
SUPER_2	4999359	L	60
SUPER_2	4999359	L	60
SUPER_2	4999359	L	60
SUPER_2	4999359	L	60
SUPER_2	4999359	L	60
SUPER_2	4999359	L	60
SUPER_2	4999359	L	60
SUPER_2	4999359	L	60
SUPER_2	4999359	L	60
SUPER_2	4999359	L	60
SUPER_2	4999359	L	60
SUPER_2	4999359	L	60
SUPER_2	4999359	L	60
SUPER_2	4999359	L	60
SUPER_2	4999359	L	60
SUPER_2	4999359	L	60
SUPER_2	4999359	L	60
SUPER_2	4999359	L	60
SUPER_2	4999359	L	60
SUPER_2	4999359	L	60
SUPER_2	4999359	L	60
SUPER_2	4999359	L	60
SUPER_2	4999359	L	60
SUPER_2	4999359	L	60
SUPER_2	4999359	L	60
SUPER_2	4999359	L	60
SUPER_2	4999359	L	60
SUPER_2	4999359	L	60
SUPER_2	4999359	L	60
SUPER_2	4999359	L	60
SUPER_2	4999359	L	60
SUPER_2	4999359	L	60
SUPER_2	4999359	L	60
SUPER_2	4999359	L	60
SUPER_2	4999359	L	60
SUPER_2	4999359	L	60
SUPER_2	4999359	L	60
SUPER_2	4999359	L	60
SUPER_2	4999359	L	60
SUPER_2	4999359	L	60
SUPER_2	4999360	L	60
SUPER_2	4999361	L	60
SUPER_2	4999361	L	60
SUPER_2	4999361	L	60
SUPER_2	4999361	L	60
SUPER_2	4999362	L	60
SUPER_2	4999362	L	60
SUPER_2	4999364	L	60
SUPER_2	4999364	L	60
SUPER_2	4999365	L	60
SUPER_2	4999365	L	60
SUPER_2	4999367	L	60
SUPER_2	4999367	L	60
SUPER_2	4999367	L	60
SUPER_2	4999367	L	60
SUPER_2	4999367	L	60
SUPER_2	4999367	L	60
SUPER_2	4999367	L	60
SUPER_2	4999367	L	60
SUPER_2	4999367	L	60
SUPER_2	4999367	L	60
SUPER_2	4999367	L	60
SUPER_2	4999367	L	60
SUPER_2	4999368	L	60
SUPER_2	4999368	L	60
SUPER_2	4999368	L	60
SUPER_2	4999368	L	60
SUPER_2	4999369	L	60
SUPER_2	4999369	L	60
SUPER_2	4999369	L	60
SUPER_2	4999369	L	60
SUPER_2	4999369	L	60
SUPER_2	4999369	L	60
SUPER_2	4999369	L	60
SUPER_2	4999369	L	60
SUPER_2	4999370	L	60
SUPER_2	4999370	L	60
SUPER_2	4999373	L	60
SUPER_2	5899346	R	19
SUPER_2	7491020	L	60
SUPER_2	9391866	R	60
SUPER_2	9391863	R	60
SUPER_2	9391866	R	60
SUPER_2	9391866	R	60
SUPER_2	9391866	R	60
SUPER_2	9391863	R	60
SUPER_2	9391864	R	60
SUPER_2	9391863	R	60
SUPER_2	9391866	R	60
SUPER_2	9391866	R	60
SUPER_2	9391866	R	60
SUPER_2	9391866	R	60
SUPER_2	9391866	R	60
SUPER_2	9391866	R	60
SUPER_2	9391866	R	60
SUPER_2	9391866	R	60
SUPER_2	9391866	R	60
SUPER_2	9391866	R	60
SUPER_2	9391866	R	60
SUPER_2	9391866	R	60
SUPER_2	9391866	R	60
SUPER_2	9391866	R	60
SUPER_2	9391866	R	60
SUPER_2	9391863	R	60
SUPER_2	9391866	R	60
SUPER_2	9391866	R	60
SUPER_2	9391866	R	60
SUPER_2	9391866	R	60
SUPER_2	9391866	R	60
SUPER_2	9391866	R	60
SUPER_2	9391863	R	60
SUPER_2	9391866	R	60
SUPER_2	9391866	R	60
SUPER_2	9391866	R	60
SUPER_2	9391866	R	60
SUPER_2	9391866	R	60
SUPER_2	9391866	R	60
SUPER_2	9391866	R	60
SUPER_2	9391866	R	60
SUPER_2	9391866	R	60
SUPER_2	9391864	R	60
SUPER_2	9391866	R	60
SUPER_2	9391866	R	60
SUPER_2	9391866	R	60
SUPER_2	9391866	R	60
SUPER_2	9391866	R	60
SUPER_2	9391866	R	60
SUPER_2	9391866	R	60
SUPER_2	9391866	R	60
SUPER_2	9391866	R	60
SUPER_2	9391866	R	60
SUPER_2	9391866	R	60
SUPER_2	9391866	R	60
SUPER_2	9391866	R	60
SUPER_2	9391866	R	60
SUPER_2	9391866	R	60
SUPER_2	9391866	R	60
SUPER_2	9391863	R	60
SUPER_2	9391866	R	60
SUPER_2	9391863	R	60
SUPER_2	9391866	R	60
SUPER_2	9391866	R	60
SUPER_2	9391866	R	60
SUPER_2	9391866	R	60
SUPER_2	9391866	R	60
SUPER_2	9391866	R	60
SUPER_2	9391863	R	60
SUPER_2	9391866	R	60
SUPER_2	9391866	R	60
SUPER_2	9391864	R	60
SUPER_2	9391866	R	60
SUPER_2	9391866	R	60
SUPER_2	9391866	R	60
SUPER_2	9391866	R	60
SUPER_2	9391866	R	60
SUPER_2	9391866	R	60
SUPER_2	9391863	R	60
SUPER_2	9391866	R	60
SUPER_2	9391866	R	60
SUPER_2	9391866	R	60
SUPER_2	9391866	R	60
SUPER_2	9391866	R	60
SUPER_2	9391866	R	60
SUPER_2	9391863	R	60
SUPER_2	9391866	R	60
SUPER_2	9391866	R	60
SUPER_2	9391866	R	60
SUPER_2	9391866	R	60
SUPER_2	9391866	R	60
SUPER_2	9391863	R	60
SUPER_2	9391866	R	60
SUPER_2	9391866	R	60
SUPER_2	9391866	R	60
SUPER_2	9391866	R	60
SUPER_2	9391866	R	60
SUPER_2	9391866	R	60
SUPER_2	9391866	R	60
SUPER_2	9391866	R	60
SUPER_2	9391866	R	60
SUPER_2	9391866	R	60
SUPER_2	9391866	R	60
SUPER_2	9391866	R	60
SUPER_2	9391866	R	60
SUPER_2	9391866	R	60
SUPER_2	9391866	R	60
SUPER_2	9391866	R	60
SUPER_2	9391863	R	60
SUPER_2	9391866	R	60
SUPER_2	9391864	R	60
SUPER_2	9391866	R	60
SUPER_2	9391866	R	60
SUPER_2	9391866	R	60
SUPER_2	9391866	R	60
SUPER_2	9391866	R	60
SUPER_2	9391863	R	60
SUPER_2	9391866	R	60
SUPER_2	9391866	R	60
SUPER_2	9391866	R	60
SUPER_2	9391866	R	60
SUPER_2	9391866	R	60
SUPER_2	9391866	R	60
SUPER_2	9391866	R	60
SUPER_2	9391866	R	60
SUPER_2	9391864	R	60
SUPER_2	9391866	R	60
SUPER_2	9391866	R	60
SUPER_2	9391866	R	60
SUPER_2	9391866	R	60
SUPER_2	9391866	R	60
SUPER_2	9391866	R	60
SUPER_2	9391866	R	60
SUPER_2	9391866	R	60
SUPER_2	9391866	R	60
SUPER_2	9391866	R	60
SUPER_2	9391866	R	60
SUPER_2	9391866	R	60
SUPER_2	9391866	R	60
SUPER_2	9391866	R	60
SUPER_2	9391866	R	60
SUPER_2	9391866	R	60
SUPER_2	9391866	R	60
SUPER_2	9391866	R	60
SUPER_2	9391866	R	60
SUPER_2	9391866	R	60
SUPER_2	9391863	R	60
SUPER_2	9391866	R	60
SUPER_2	9391866	R	60
SUPER_2	9391864	R	60
SUPER_2	9391866	R	60
SUPER_2	9391866	R	60
SUPER_2	9391866	R	60
SUPER_2	9391866	R	60
SUPER_2	9391866	R	60
SUPER_2	9391866	R	60
SUPER_2	9391866	R	60
SUPER_2	9391866	R	60
SUPER_2	9391866	R	60
SUPER_2	9391863	R	60
SUPER_2	9391866	R	60
SUPER_2	9391866	R	60
SUPER_2	9391864	R	60
SUPER_2	9391866	R	60
SUPER_2	9391866	R	60
SUPER_2	9391866	R	60
SUPER_2	9391866	R	60
SUPER_2	9391866	R	60
SUPER_2	9391866	R	60
SUPER_2	9391866	R	60
SUPER_2	9391866	R	60
SUPER_2	9391866	R	60
SUPER_2	9391866	R	60
SUPER_2	9391866	R	60
SUPER_2	9391866	R	60
SUPER_2	9391866	R	60
SUPER_2	9391866	R	60
SUPER_2	9391864	R	60
SUPER_2	9391866	R	60
SUPER_2	9391866	R	60
SUPER_2	9391866	R	60
SUPER_2	9391866	R	60
SUPER_2	9391866	R	60
SUPER_2	9391863	R	60
SUPER_2	9391866	R	60
SUPER_2	9391866	R	60
SUPER_2	9391866	R	60
SUPER_2	9391866	R	60
SUPER_2	9391866	R	60
SUPER_2	9391866	R	60
SUPER_2	9391866	R	60
SUPER_2	9391866	R	60
SUPER_2	9391863	R	60
SUPER_2	9391866	R	60
SUPER_2	9391866	R	60
SUPER_2	9391866	R	60
SUPER_2	9391866	R	60
SUPER_2	9391866	R	60
SUPER_2	9391866	R	60
SUPER_2	9391866	R	60
SUPER_2	9391863	R	60
SUPER_2	9391866	R	60
SUPER_2	9391866	R	60
SUPER_2	9391866	R	60
SUPER_2	9391866	R	60
SUPER_2	9391866	R	60
SUPER_2	9391866	R	60
SUPER_2	9391866	R	60
SUPER_2	9391866	R	60
SUPER_2	9391864	R	60
SUPER_2	9391866	R	60
SUPER_2	9391866	R	60
SUPER_2	9391866	R	60
SUPER_2	9391866	R	60
SUPER_2	9391866	R	60
SUPER_2	9391866	R	60
SUPER_2	9391866	R	60
SUPER_2	9391863	R	60
SUPER_2	9391866	R	60
SUPER_2	9391866	R	60
SUPER_2	9391866	R	60
SUPER_2	9391866	R	60
SUPER_2	9391866	R	60
SUPER_2	9391866	R	60
SUPER_2	9391866	R	60
SUPER_2	9391866	R	60
SUPER_2	9391866	R	60
SUPER_2	9391866	R	60
SUPER_2	9391866	R	60
SUPER_2	9391866	R	60
SUPER_2	9391866	R	60
SUPER_2	9391866	R	60
SUPER_2	9391866	R	60
SUPER_2	9391866	R	60
SUPER_2	9391866	R	60
SUPER_2	9391866	R	60
SUPER_2	9391866	R	60
SUPER_2	9391863	R	60
SUPER_2	9391855	R	60
SUPER_2	9391866	R	60
SUPER_2	9391866	R	60
SUPER_2	9391866	R	60
SUPER_2	9391866	R	60
SUPER_2	9391866	R	60
SUPER_2	9391866	R	60
SUPER_2	9391866	R	60
SUPER_2	9391866	R	60
SUPER_2	9391866	R	60
SUPER_2	9391866	R	60
SUPER_2	9391866	R	60
SUPER_2	9391863	R	60
SUPER_2	9391866	R	60
SUPER_2	9391866	R	60
SUPER_2	9391866	R	60
SUPER_2	9391866	R	60
SUPER_2	9391866	R	60
SUPER_2	9391866	R	60
SUPER_2	9391866	R	60
SUPER_2	9391866	R	60
SUPER_2	9391863	R	60
SUPER_2	9391866	R	60
SUPER_2	9391866	R	60
SUPER_2	9391866	R	60
SUPER_2	9391866	R	60
SUPER_2	9391866	R	60
SUPER_2	9391866	R	60
SUPER_2	9391866	R	60
SUPER_2	9391866	R	60
SUPER_2	9391866	R	60
SUPER_2	9391864	R	60
SUPER_2	9391866	R	60
SUPER_2	9391863	R	60
SUPER_2	9391866	R	60
SUPER_2	9391866	R	60
SUPER_2	9391866	R	60
SUPER_2	9391866	R	60
SUPER_2	9391866	R	60
SUPER_2	9391866	R	60
SUPER_2	9391858	R	60
SUPER_2	9391866	R	60
SUPER_2	9391866	R	60
SUPER_2	9391866	R	60
SUPER_2	9391866	R	60
SUPER_2	9391864	R	60
SUPER_2	9391866	R	60
SUPER_2	9391866	R	60
SUPER_2	9391866	R	60
SUPER_2	9391866	R	60
SUPER_2	9391866	R	60
SUPER_2	9391866	R	60
SUPER_2	9391866	R	60
SUPER_2	9391866	R	60
SUPER_2	9391866	R	60
SUPER_2	9391866	R	60
SUPER_2	9391866	R	60
SUPER_2	9391866	R	60
SUPER_2	9391866	R	60
SUPER_2	9391866	R	60
SUPER_2	9391866	R	60
SUPER_2	9391866	R	60
SUPER_2	9391866	R	60
SUPER_2	9391866	R	60
SUPER_2	9391866	R	60
SUPER_2	9391866	R	60
SUPER_2	9391866	R	60
SUPER_2	9391869	R	60
SUPER_2	9391866	R	60
SUPER_2	9391866	R	60
SUPER_2	9391866	R	60
SUPER_2	9391866	R	60
SUPER_2	9391866	R	60
SUPER_2	9391864	R	60
SUPER_2	9391866	R	60
SUPER_2	9391866	R	60
SUPER_2	9391866	R	60
SUPER_2	9391866	R	60
SUPER_2	9391866	R	60
SUPER_2	9391866	R	60
SUPER_2	9391863	R	60
SUPER_2	9391866	R	60
SUPER_2	9391866	R	60
SUPER_2	9391863	R	60
SUPER_2	9391866	R	60
SUPER_2	9391866	R	60
SUPER_2	9391866	R	60
SUPER_2	9391866	R	60
SUPER_2	9391866	R	60
SUPER_2	9391866	R	60
SUPER_2	9391866	R	60
SUPER_2	9391866	R	60
SUPER_2	9391866	R	60
SUPER_2	9391866	R	60
SUPER_2	9391866	R	60
SUPER_2	9391866	R	60
SUPER_2	9391866	R	60
SUPER_2	9391866	R	60
SUPER_2	9391866	R	60
SUPER_2	9391866	R	60
SUPER_2	9391866	R	60
SUPER_2	9391866	R	60
SUPER_2	9391866	R	60
SUPER_2	9391866	R	60
SUPER_2	9391866	R	60
SUPER_2	9391866	R	60
SUPER_2	9391866	R	60
SUPER_2	9391866	R	60
SUPER_2	9391866	R	60
SUPER_2	9391866	R	60
SUPER_2	9391866	R	60
SUPER_2	9391866	R	60
SUPER_2	9391866	R	60
SUPER_2	9391866	R	60
SUPER_2	9391866	R	60
SUPER_2	9391866	R	60
SUPER_2	9391866	R	60
SUPER_2	9391866	R	60
SUPER_2	9391866	R	60
SUPER_2	9391866	R	60
SUPER_2	9391866	R	60
SUPER_2	9391866	R	60
SUPER_2	13572375	R	60
SUPER_2	13572375	R	60
SUPER_2	13572371	L	60
SUPER_2	13572373	L	60
SUPER_2	13572373	L	60
SUPER_2	13572373	L	60
SUPER_2	13572373	L	60
SUPER_2	13572373	L	60
SUPER_2	13572373	L	60
SUPER_2	13572373	L	60
SUPER_2	13572373	L	60
SUPER_2	13572373	L	60
SUPER_2	13572373	L	60
SUPER_2	13572373	L	60
SUPER_2	13572373	L	60
SUPER_2	13572373	L	60
SUPER_2	13572373	L	60
SUPER_2	13572373	L	60
SUPER_2	13572373	L	60
SUPER_2	13572373	L	60
SUPER_2	13572373	L	60
SUPER_2	13572373	L	60
SUPER_2	13572373	L	60
SUPER_2	13572373	L	60
SUPER_2	13572373	L	60
SUPER_2	13572373	L	60
SUPER_2	13572373	L	60
SUPER_2	13572373	L	60
SUPER_2	13572373	L	60
SUPER_2	13572373	L	60
SUPER_2	13572373	L	60
SUPER_2	13572373	L	60
SUPER_2	13572373	L	60
SUPER_2	13572373	L	60
SUPER_2	13572373	L	60
SUPER_2	13572373	L	60
SUPER_2	13572373	L	60
SUPER_2	13572373	L	60
SUPER_2	13572373	L	60
SUPER_2	13572373	L	60
SUPER_2	13572373	L	60
SUPER_2	13572373	L	60
SUPER_2	13572373	L	60
SUPER_2	13572373	L	60
SUPER_2	13572373	L	60
SUPER_2	13572373	L	60
SUPER_2	13572373	L	60
SUPER_2	13572373	L	60
SUPER_2	13572373	L	60
SUPER_2	13572373	L	60
SUPER_2	13572373	L	60
SUPER_2	13572373	L	60
SUPER_2	13572373	L	60
SUPER_2	13572373	L	60
SUPER_2	13572373	L	60
SUPER_2	13572373	L	60
SUPER_2	13572373	L	60
SUPER_2	13572373	L	60
SUPER_2	13572373	L	60
SUPER_2	13572373	L	60
SUPER_2	13572373	L	60
SUPER_2	13572373	L	60
SUPER_2	13572373	L	60
SUPER_2	13572373	L	60
SUPER_2	13572373	L	60
SUPER_2	13572373	L	60
SUPER_2	13572373	L	60
SUPER_2	13572373	L	60
SUPER_2	13572373	L	60
SUPER_2	13572373	L	60
SUPER_2	13572373	L	60
SUPER_2	13572373	L	60
SUPER_2	13572373	L	60
SUPER_2	13572373	L	60
SUPER_2	13572373	L	60
SUPER_2	13572373	L	60
SUPER_2	13572373	L	60
SUPER_2	13572373	L	60
SUPER_2	13572373	L	60
SUPER_2	13572373	L	60
SUPER_2	13572373	L	60
SUPER_2	13572373	L	60
SUPER_2	13572373	L	60
SUPER_2	13572373	L	60
SUPER_2	13572373	L	60
SUPER_2	13572373	L	60
SUPER_2	13572373	L	60
SUPER_2	13572373	L	60
SUPER_2	13572373	L	60
SUPER_2	13572373	L	60
SUPER_2	13572373	L	60
SUPER_2	13572373	L	60
SUPER_2	13572373	L	60
SUPER_2	13572373	L	60
SUPER_2	13572373	L	60
SUPER_2	13572373	L	60
SUPER_2	13572373	L	60
SUPER_2	13572373	L	60
SUPER_2	13572373	L	60
SUPER_2	13572373	L	60
SUPER_2	13572373	L	60
SUPER_2	13572373	L	60
SUPER_2	13572373	L	60
SUPER_2	13572373	L	60
SUPER_2	13572373	L	60
SUPER_2	13572373	L	60
SUPER_2	13572373	L	60
SUPER_2	13572373	L	60
SUPER_2	13572373	L	60
SUPER_2	13572373	L	60
SUPER_2	13572373	L	60
SUPER_2	13572373	L	60
SUPER_2	13572373	L	60
SUPER_2	13572373	L	60
SUPER_2	13572373	L	60
SUPER_2	13572373	L	60
SUPER_2	13572373	L	60
SUPER_2	13572373	L	60
SUPER_2	13572373	L	60
SUPER_2	13572373	L	60
SUPER_2	13572373	L	60
SUPER_2	13572373	L	60
SUPER_2	13572373	L	60
SUPER_2	13572373	L	60
SUPER_2	13572373	L	60
SUPER_2	13572373	L	60
SUPER_2	13572373	L	60
SUPER_2	13572373	L	60
SUPER_2	13572373	L	60
SUPER_2	13572373	L	60
SUPER_2	13572373	L	60
SUPER_2	13572373	L	60
SUPER_2	13572373	L	60
SUPER_2	13572373	L	60
SUPER_2	13572373	L	60
SUPER_2	13572373	L	60
SUPER_2	13572373	L	60
SUPER_2	13572373	L	60
SUPER_2	13572373	L	60
SUPER_2	13572373	L	60
SUPER_2	13572373	L	60
SUPER_2	13572373	L	60
SUPER_2	13572373	L	60
SUPER_2	13572373	L	60
SUPER_2	13572373	L	60
SUPER_2	13572373	L	60
SUPER_2	13572373	L	60
SUPER_2	13572373	L	60
SUPER_2	13572373	L	60
SUPER_2	13572373	L	60
SUPER_2	13572373	L	60
SUPER_2	13572373	L	60
SUPER_2	13572373	L	60
SUPER_2	13572373	L	60
SUPER_2	13572373	L	60
SUPER_2	13572373	L	60
SUPER_2	13572373	L	60
SUPER_2	13572373	L	60
SUPER_2	13572373	L	60
SUPER_2	13572373	L	60
SUPER_2	13572373	L	60
SUPER_2	13572373	L	60
SUPER_2	13572373	L	60
SUPER_2	13572373	L	60
SUPER_2	13572373	L	60
SUPER_2	13572373	L	60
SUPER_2	13572373	L	60
SUPER_2	13572373	L	60
SUPER_2	13572373	L	60
SUPER_2	13572373	L	60
SUPER_2	13572373	L	60
SUPER_2	13572373	L	60
SUPER_2	13572373	L	60
SUPER_2	13572373	L	60
SUPER_2	13572373	L	60
SUPER_2	13572373	L	60
SUPER_2	13572373	L	60
SUPER_2	13572373	L	60
SUPER_2	13572373	L	60
SUPER_2	13572373	L	60
SUPER_2	13572373	L	60
SUPER_2	13572373	L	60
SUPER_2	13572373	L	60
SUPER_2	13572373	L	60
SUPER_2	13572373	L	60
SUPER_2	13572373	L	60
SUPER_2	13572373	L	60
SUPER_2	13572373	L	60
SUPER_2	13572373	L	60
SUPER_2	13572373	L	60
SUPER_2	13572373	L	60
SUPER_2	13572373	L	60
SUPER_2	13572373	L	60
SUPER_2	13572373	L	60
SUPER_2	13572373	L	60
SUPER_2	13572373	L	60
SUPER_2	13572373	L	60
SUPER_2	13572373	L	60
SUPER_2	13572373	L	60
SUPER_2	13572373	L	60
SUPER_2	13572373	L	60
SUPER_2	13572373	L	60
SUPER_2	13572373	L	60
SUPER_2	13572373	L	60
SUPER_2	13572373	L	60
SUPER_2	13572373	L	60
SUPER_2	13572373	L	60
SUPER_2	13572373	L	60
SUPER_2	13572373	L	60
SUPER_2	13572373	L	60
SUPER_2	13572373	L	60
SUPER_2	13572373	L	60
SUPER_2	13572373	L	60
SUPER_2	13572373	L	60
SUPER_2	13572373	L	60
SUPER_2	13572373	L	60
SUPER_2	13572373	L	60
SUPER_2	13572373	L	60
SUPER_2	13572373	L	60
SUPER_2	13572373	L	60
SUPER_2	13572373	L	60
SUPER_2	13572373	L	60
SUPER_2	13572373	L	60
SUPER_2	13572373	L	60
SUPER_2	13572373	L	60
SUPER_2	13572373	L	60
SUPER_2	13572373	L	60
SUPER_2	13572373	L	60
SUPER_2	13572373	L	60
SUPER_2	13572373	L	60
SUPER_2	13572373	L	60
SUPER_2	13572373	L	60
SUPER_2	13572373	L	60
SUPER_2	13572373	L	60
SUPER_2	13572373	L	60
SUPER_2	13572373	L	60
SUPER_2	13572373	L	60
SUPER_2	13572373	L	60
SUPER_2	13572373	L	60
SUPER_2	13572373	L	60
SUPER_2	13572373	L	60
SUPER_2	13572373	L	60
SUPER_2	13572373	L	60
SUPER_2	13572373	L	60
SUPER_2	13572373	L	60
SUPER_2	13572373	L	60
SUPER_2	13572373	L	60
SUPER_2	13572373	L	60
SUPER_2	13572373	L	60
SUPER_2	13572373	L	60
SUPER_2	13572373	L	60
SUPER_2	13572373	L	60
SUPER_2	13572373	L	60
SUPER_2	13572373	L	60
SUPER_2	13572373	L	60
SUPER_2	13572373	L	60
SUPER_2	13572373	L	60
SUPER_2	13572373	L	60
SUPER_2	13572373	L	60
SUPER_2	13572373	L	60
SUPER_2	13572373	L	60
SUPER_2	13572373	L	60
SUPER_2	13572373	L	60
SUPER_2	13572373	L	60
SUPER_2	13572373	L	60
SUPER_2	13572373	L	60
SUPER_2	13572373	L	60
SUPER_2	13572373	L	60
SUPER_2	13572373	L	60
SUPER_2	13572373	L	60
SUPER_2	13572373	L	60
SUPER_2	13572373	L	60
SUPER_2	13572373	L	60
SUPER_2	13572373	L	60
SUPER_2	13572373	L	60
SUPER_2	13572373	L	60
SUPER_2	13572373	L	60
SUPER_2	13572373	L	60
SUPER_2	13572373	L	60
SUPER_2	13572373	L	60
SUPER_2	13572373	L	60
SUPER_2	13572373	L	60
SUPER_2	13572373	L	60
SUPER_2	13572373	L	60
SUPER_2	13572373	L	60
SUPER_2	13572373	L	60
SUPER_2	13572373	L	60
SUPER_2	13572373	L	60
SUPER_2	13572373	L	60
SUPER_2	13572373	L	60
SUPER_2	13572373	L	60
SUPER_2	13572373	L	60
SUPER_2	13572373	L	60
SUPER_2	13572373	L	60
SUPER_2	13572373	L	60
SUPER_2	13572373	L	60
SUPER_2	13572373	L	60
SUPER_2	13572373	L	60
SUPER_2	13572373	L	60
SUPER_2	13572373	L	60
SUPER_2	13572373	L	60
SUPER_2	13572373	L	60
SUPER_2	13572373	L	60
SUPER_2	13572373	L	60
SUPER_2	13572373	L	60
SUPER_2	13572373	L	60
SUPER_2	13572373	L	60
SUPER_2	13572373	L	60
SUPER_2	13572373	L	60
SUPER_2	13572373	L	60
SUPER_2	13572373	L	60
SUPER_2	13572373	L	60
SUPER_2	13572373	L	60
SUPER_2	13572373	L	60
SUPER_2	13572373	L	60
SUPER_2	13572373	L	60
SUPER_2	13572373	L	60
SUPER_2	13572373	L	60
SUPER_2	13572373	L	60
SUPER_2	13572373	L	60
SUPER_2	13572373	L	60
SUPER_2	13572373	L	60
SUPER_2	13572373	L	60
SUPER_2	13572373	L	60
SUPER_2	13572373	L	60
SUPER_2	13572373	L	60
SUPER_2	13572373	L	60
SUPER_2	13572373	L	60
SUPER_2	13572373	L	60
SUPER_2	13572373	L	60
SUPER_2	13572373	L	60
SUPER_2	13572373	L	60
SUPER_2	13572373	L	60
SUPER_2	13572373	L	60
SUPER_2	13572373	L	60
SUPER_2	13572373	L	60
SUPER_2	13572373	L	60
SUPER_2	13572373	L	60
SUPER_2	13572373	L	60
SUPER_2	13572373	L	60
SUPER_2	13572373	L	60
SUPER_2	13572373	L	60
SUPER_2	13572373	L	60
SUPER_2	13572373	L	60
SUPER_2	13572373	L	60
SUPER_2	13572373	L	60
SUPER_2	13572373	L	60
SUPER_2	13572373	L	60
SUPER_2	13572373	L	60
SUPER_2	13572373	L	60
SUPER_2	13572373	L	60
SUPER_2	13572373	L	60
SUPER_2	13572373	L	60
SUPER_2	13572373	L	60
SUPER_2	13572373	L	60
SUPER_2	13572373	L	60
SUPER_2	13572373	L	60
SUPER_2	13572373	L	60
SUPER_2	13572373	L	60
SUPER_2	13572373	L	60
SUPER_2	13572373	L	60
SUPER_2	13572373	L	60
SUPER_2	13572373	L	60
SUPER_2	13572373	L	60
SUPER_2	13572373	L	60
SUPER_2	13572373	L	60
SUPER_2	13572373	L	60
SUPER_2	13572373	L	60
SUPER_2	13572373	L	60
SUPER_2	13572373	L	60
SUPER_2	13572373	L	60
SUPER_2	13572373	L	60
SUPER_2	13572373	L	60
SUPER_2	13572373	L	60
SUPER_2	13572373	L	60
SUPER_2	13572373	L	60
SUPER_2	13572373	L	60
SUPER_2	13572373	L	60
SUPER_2	13572373	L	60
SUPER_2	13572373	L	60
SUPER_2	13572373	L	60
SUPER_2	13572373	L	60
SUPER_2	13572373	L	60
SUPER_2	13572373	L	60
SUPER_2	13572373	L	60
SUPER_2	13572373	L	60
SUPER_2	13572373	L	60
SUPER_2	13572373	L	60
SUPER_2	13572373	L	60
SUPER_2	13572373	L	60
SUPER_2	13572373	L	60
SUPER_2	13572373	L	60
SUPER_2	13572373	L	60
SUPER_2	13572373	L	60
SUPER_2	13572373	L	60
SUPER_2	13572373	L	60
SUPER_2	13572373	L	60
SUPER_2	13572373	L	60
SUPER_2	13572373	L	60
SUPER_2	13572373	L	60
SUPER_2	13572373	L	60
SUPER_2	13572373	L	60
SUPER_2	13572373	L	60
SUPER_2	13572373	L	60
SUPER_2	13572373	L	60
SUPER_2	13572373	L	60
SUPER_2	13572373	L	60
SUPER_2	13572373	L	60
SUPER_2	13572373	L	60
SUPER_2	13572373	L	60
SUPER_2	13572373	L	60
SUPER_2	13572375	L	60
SUPER_2	13572375	L	60
SUPER_2	13572375	L	60
SUPER_2	13572375	L	60
SUPER_2	13572376	L	60
SUPER_2	13572376	L	60
SUPER_2	13572376	L	60
SUPER_2	13572376	L	60
SUPER_2	13572376	L	60
SUPER_2	13572376	L	60
SUPER_2	13572378	L	60
SUPER_2	13572378	L	60
SUPER_2	13572378	L	60
SUPER_2	13572378	L	60
SUPER_2	13572379	L	60
SUPER_2	13572381	L	60
SUPER_2	13572381	L	60
SUPER_2	13572381	L	60
SUPER_2	13572382	L	60
SUPER_2	13572382	L	60
SUPER_2	13572382	L	60
SUPER_2	13572382	L	60
SUPER_2	13572382	L	60
SUPER_2	13572384	L	60
SUPER_2	13572384	L	60
SUPER_2	13572390	L	60
SUPER_2	13572400	L	60
SUPER_2	14969200	L	60
SUPER_2	15993689	L	60
SUPER_2	16008640	L	60
SUPER_2	18069121	L	60
SUPER_2	18555099	L	60
SUPER_2	19211270	R	60
SUPER_2	19211278	R	60
SUPER_2	19211278	R	60
SUPER_2	19211278	R	60
SUPER_2	19211278	R	60
SUPER_2	19211278	R	60
SUPER_2	19211278	R	60
SUPER_2	19211278	R	60
SUPER_2	19211278	R	60
SUPER_2	19211278	R	60
SUPER_2	19211278	R	60
SUPER_2	19211278	R	60
SUPER_2	19211278	R	60
SUPER_2	19211278	R	60
SUPER_2	19211278	R	60
SUPER_2	19211278	R	60
SUPER_2	19211278	R	60
SUPER_2	19211279	R	60
SUPER_2	19211278	R	60
SUPER_2	19211278	R	60
SUPER_2	19211278	R	60
SUPER_2	19211278	R	60
SUPER_2	19211278	R	60
SUPER_2	19211278	R	60
SUPER_2	19211278	R	60
SUPER_2	19211278	R	60
SUPER_2	19211278	R	60
SUPER_2	19211278	R	60
SUPER_2	19211278	R	60
SUPER_2	19211278	R	60
SUPER_2	19211278	R	60
SUPER_2	19211278	R	60
SUPER_2	19211278	R	60
SUPER_2	19211278	R	60
SUPER_2	19211278	R	60
SUPER_2	19211278	R	60
SUPER_2	19211269	R	60
SUPER_2	19211278	R	60
SUPER_2	19211278	R	60
SUPER_2	19211278	R	60
SUPER_2	19211278	R	60
SUPER_2	19211278	R	60
SUPER_2	19211278	R	60
SUPER_2	19211278	R	60
SUPER_2	19211278	R	60
SUPER_2	19211278	R	60
SUPER_2	19211279	R	60
SUPER_2	19211278	R	60
SUPER_2	19211278	R	60
SUPER_2	19211278	R	60
SUPER_2	19211278	R	60
SUPER_2	19211278	R	60
SUPER_2	19211278	R	60
SUPER_2	19211278	R	60
SUPER_2	19211278	R	60
SUPER_2	19211265	R	60
SUPER_2	19211278	R	60
SUPER_2	19211278	R	60
SUPER_2	19211272	R	60
SUPER_2	19211278	R	60
SUPER_2	19211278	R	60
SUPER_2	19211278	R	60
SUPER_2	19211278	R	60
SUPER_2	19211278	R	60
SUPER_2	19211274	R	60
SUPER_2	19211278	R	60
SUPER_2	19211278	R	60
SUPER_2	19211278	R	60
SUPER_2	19211278	R	60
SUPER_2	19211278	R	60
SUPER_2	19211278	R	60
SUPER_2	19211278	R	60
SUPER_2	19211278	R	60
SUPER_2	19211278	R	60
SUPER_2	19211278	R	60
SUPER_2	19211275	R	60
SUPER_2	19211278	R	60
SUPER_2	19211278	R	60
SUPER_2	19211278	R	60
SUPER_2	19211278	R	60
SUPER_2	19211278	R	60
SUPER_2	19211278	R	60
SUPER_2	19211278	R	60
SUPER_2	19211278	R	60
SUPER_2	19211278	R	60
SUPER_2	19211279	R	60
SUPER_2	19211278	R	60
SUPER_2	19211278	R	60
SUPER_2	19211278	R	60
SUPER_2	19211278	R	60
SUPER_2	19211278	R	60
SUPER_2	19211278	R	60
SUPER_2	19211278	R	60
SUPER_2	19211278	R	60
SUPER_2	19211278	R	60
SUPER_2	19211278	R	60
SUPER_2	19211278	R	60
SUPER_2	19211278	R	60
SUPER_2	19211278	R	60
SUPER_2	19211278	R	60
SUPER_2	19211278	R	60
SUPER_2	19211278	R	60
SUPER_2	19211276	R	60
SUPER_2	19211278	R	60
SUPER_2	19211278	R	60
SUPER_2	19211278	R	60
SUPER_2	19211278	R	60
SUPER_2	19211278	R	60
SUPER_2	19211278	R	60
SUPER_2	19211279	R	60
SUPER_2	19211273	R	60
SUPER_2	19211278	R	60
SUPER_2	19211278	R	60
SUPER_2	19211278	R	60
SUPER_2	19211278	R	60
SUPER_2	19211278	R	60
SUPER_2	19211278	R	60
SUPER_2	19211278	R	60
SUPER_2	19211278	R	60
SUPER_2	19211278	R	60
SUPER_2	19211278	R	60
SUPER_2	19211278	R	60
SUPER_2	19211278	R	60
SUPER_2	19211278	R	60
SUPER_2	19211278	R	60
SUPER_2	19211278	R	60
SUPER_2	19211278	R	60
SUPER_2	19211278	R	60
SUPER_2	19211278	R	60
SUPER_2	19211278	R	60
SUPER_2	19211278	R	60
SUPER_2	19211278	R	60
SUPER_2	19211278	R	60
SUPER_2	19211278	R	60
SUPER_2	19211278	R	60
SUPER_2	19211278	R	60
SUPER_2	19211278	R	60
SUPER_2	19211278	R	60
SUPER_2	19211278	R	60
SUPER_2	19211278	R	60
SUPER_2	19211278	R	60
SUPER_2	19211278	R	60
SUPER_2	19211278	R	60
SUPER_2	19211278	R	60
SUPER_2	19211278	R	60
SUPER_2	19211278	R	60
SUPER_2	19211278	R	60
SUPER_2	19211278	R	60
SUPER_2	19211278	R	60
SUPER_2	19211275	R	60
SUPER_2	19211278	R	60
SUPER_2	19211278	R	60
SUPER_2	19211278	R	60
SUPER_2	19211278	R	60
SUPER_2	19211259	R	60
SUPER_2	19211278	R	60
SUPER_2	19211278	R	60
SUPER_2	19211278	R	60
SUPER_2	19211278	R	60
SUPER_2	19211278	R	60
SUPER_2	19211278	R	60
SUPER_2	19211278	R	60
SUPER_2	19211273	R	60
SUPER_2	19211278	R	60
SUPER_2	19211278	R	60
SUPER_2	19211278	R	60
SUPER_2	19211278	R	60
SUPER_2	19211278	R	60
SUPER_2	19211278	R	60
SUPER_2	19211278	R	60
SUPER_2	19211278	R	60
SUPER_2	19211278	R	60
SUPER_2	19211278	R	60
SUPER_2	19211278	R	60
SUPER_2	19211278	R	60
SUPER_2	19211278	R	60
SUPER_2	19211278	R	60
SUPER_2	19211278	R	60
SUPER_2	19211278	R	60
SUPER_2	19211278	R	60
SUPER_2	19211278	R	60
SUPER_2	19211278	R	60
SUPER_2	19211273	R	60
SUPER_2	19211278	R	60
SUPER_2	19211278	R	60
SUPER_2	19211278	R	60
SUPER_2	19211278	R	60
SUPER_2	19211278	R	60
SUPER_2	19211278	R	60
SUPER_2	19211278	R	60
SUPER_2	19211278	R	60
SUPER_2	19211278	R	60
SUPER_2	19211278	R	60
SUPER_2	19211278	R	60
SUPER_2	19211278	R	60
SUPER_2	19211278	R	60
SUPER_2	19211278	R	60
SUPER_2	19211278	R	60
SUPER_2	19211278	R	60
SUPER_2	19211278	R	60
SUPER_2	19211278	R	60
SUPER_2	19211278	R	60
SUPER_2	19211278	R	60
SUPER_2	19211278	R	60
SUPER_2	19211278	R	60
SUPER_2	19211278	R	60
SUPER_2	19211278	R	60
SUPER_2	19211278	R	60
SUPER_2	19211278	R	60
SUPER_2	19211278	R	60
SUPER_2	19211278	R	60
SUPER_2	19211278	R	60
SUPER_2	19211279	R	60
SUPER_2	19211272	R	60
SUPER_2	19211278	R	60
SUPER_2	19211278	R	60
SUPER_2	19211273	R	60
SUPER_2	19211278	R	60
SUPER_2	19211278	R	60
SUPER_2	19211278	R	60
SUPER_2	19211278	R	60
SUPER_2	19211278	R	60
SUPER_2	19211278	R	60
SUPER_2	19211267	R	60
SUPER_2	19211278	R	60
SUPER_2	19211272	R	60
SUPER_2	19211278	R	60
SUPER_2	19211278	R	60
SUPER_2	19211278	R	60
SUPER_2	19211278	R	60
SUPER_2	19211278	R	60
SUPER_2	19211278	R	60
SUPER_2	19211278	R	60
SUPER_2	19211278	R	60
SUPER_2	19211278	R	60
SUPER_2	19211278	R	60
SUPER_2	19211278	R	60
SUPER_2	19211278	R	60
SUPER_2	19211278	R	60
SUPER_2	19211278	R	60
SUPER_2	19211278	R	60
SUPER_2	19211278	R	60
SUPER_2	19211278	R	60
SUPER_2	19211278	R	60
SUPER_2	19211278	R	60
SUPER_2	19211278	R	60
SUPER_2	19211278	R	60
SUPER_2	19211278	R	60
SUPER_2	19211278	R	60
SUPER_2	19211278	R	60
SUPER_2	19211278	R	60
SUPER_2	19211278	R	60
SUPER_2	19211278	R	60
SUPER_2	19211278	R	60
SUPER_2	19211278	R	60
SUPER_2	19211278	R	60
SUPER_2	19211278	R	60
SUPER_2	19211278	R	60
SUPER_2	19211278	R	60
SUPER_2	19211278	R	60
SUPER_2	19211278	R	60
SUPER_2	19211278	R	60
SUPER_2	19211278	R	60
SUPER_2	19211278	R	60
SUPER_2	19211278	R	60
SUPER_2	19211278	R	60
SUPER_2	19211278	R	60
SUPER_2	19211278	R	60
SUPER_2	19211278	R	60
SUPER_2	19211278	R	60
SUPER_2	19211278	R	60
SUPER_2	19211278	R	60
SUPER_2	19211278	R	60
SUPER_2	19211278	R	60
SUPER_2	19211278	R	60
SUPER_2	19211278	R	60
SUPER_2	19211278	R	60
SUPER_2	19211278	R	60
SUPER_2	19211278	R	60
SUPER_2	19211278	R	60
SUPER_2	19211278	R	60
SUPER_2	19211278	R	60
SUPER_2	19211278	R	60
SUPER_2	19211278	R	60
SUPER_2	19211278	R	60
SUPER_2	19211278	R	60
SUPER_2	19211278	R	60
SUPER_2	19211278	R	60
SUPER_2	19211278	R	60
SUPER_2	19211278	R	60
SUPER_2	19211278	R	60
SUPER_2	19211278	R	60
SUPER_2	19211278	R	60
SUPER_2	19211278	R	60
SUPER_2	19211278	R	60
SUPER_2	19211278	R	60
SUPER_2	19211278	R	60
SUPER_2	19211278	R	60
SUPER_2	19211278	R	60
SUPER_2	19211278	R	60
SUPER_2	19211278	R	60
SUPER_2	19211278	R	60
SUPER_2	19211278	R	60
SUPER_2	19211278	R	60
SUPER_2	19211278	R	60
SUPER_2	19211278	R	60
SUPER_2	19211278	R	60
SUPER_2	19211278	R	60
SUPER_2	19211278	R	60
SUPER_2	19211278	R	60
SUPER_2	19211278	R	60
SUPER_2	19211278	R	60
SUPER_2	19211278	R	60
SUPER_2	19211278	R	60
SUPER_2	19211278	R	60
SUPER_2	19211278	R	60
SUPER_2	19211278	R	60
SUPER_2	19211273	R	60
SUPER_2	19211278	R	60
SUPER_2	19211278	R	60
SUPER_2	19211278	R	60
SUPER_2	19211278	R	60
SUPER_2	19211278	R	60
SUPER_2	19211278	R	60
SUPER_2	19211278	R	60
SUPER_2	19211278	R	60
SUPER_2	19211278	R	60
SUPER_2	19211278	R	60
SUPER_2	19211276	R	60
SUPER_2	19211278	R	60
SUPER_2	19211278	R	60
SUPER_2	19211278	R	60
SUPER_2	19211278	R	60
SUPER_2	19211278	R	60
SUPER_2	19211278	R	60
SUPER_2	19211278	R	60
SUPER_2	19211278	R	60
SUPER_2	19211278	R	60
SUPER_2	19211278	R	60
SUPER_2	19211278	R	60
SUPER_2	19211278	R	60
SUPER_2	19211278	R	60
SUPER_2	19211278	R	60
SUPER_2	19211278	R	60
SUPER_2	19211278	R	60
SUPER_2	19211278	R	60
SUPER_2	19211278	R	60
SUPER_2	19211278	R	60
SUPER_2	19211278	R	60
SUPER_2	19211278	R	60
SUPER_2	19211278	R	60
SUPER_2	19211278	R	60
SUPER_2	19211278	R	60
SUPER_2	19211278	R	60
SUPER_2	19211278	R	60
SUPER_2	19232116	L	1
SUPER_2	19533637	L	1
SUPER_3	343298	L	1
SUPER_3	408942	L	1
SUPER_3	461281	L	1
SUPER_3	461282	L	1
SUPER_3	1598748	R	1
SUPER_3	1598748	R	1
SUPER_3	1598748	R	1
SUPER_3	2510606	L	1
SUPER_3	2516040	L	1
SUPER_3	2673226	L	1
SUPER_3	2686816	L	1
SUPER_3	2686816	L	1
SUPER_3	2686816	L	1
SUPER_3	3526687	L	1
SUPER_3	3526687	L	1
SUPER_3	3526687	L	1
SUPER_3	3527567	L	1
SUPER_3	4415023	L	1
SUPER_3	4442113	L	1
SUPER_3	6191311	R	60
SUPER_3	6191730	L	60
SUPER_3	6191730	L	60
SUPER_3	6191730	L	60
SUPER_3	6191730	L	60
SUPER_3	6191730	L	60
SUPER_3	6191730	L	60
SUPER_3	6191730	L	60
SUPER_3	6191730	L	60
SUPER_3	6191730	L	60
SUPER_3	6191730	L	60
SUPER_3	6191731	L	60
SUPER_3	6191731	L	60
SUPER_3	6191731	L	60
SUPER_3	6191731	L	60
SUPER_3	6191731	L	60
SUPER_3	6191731	L	60
SUPER_3	6191731	L	60
SUPER_3	6191731	L	60
SUPER_3	6191731	L	60
SUPER_3	6191731	L	60
SUPER_3	6191731	L	60
SUPER_3	6191731	L	60
SUPER_3	6191731	L	60
SUPER_3	6191731	L	60
SUPER_3	6191731	L	60
SUPER_3	6191731	L	60
SUPER_3	6191731	L	60
SUPER_3	6191731	L	60
SUPER_3	6191731	L	60
SUPER_3	6191731	L	60
SUPER_3	6191731	L	60
SUPER_3	6191731	L	60
SUPER_3	6191731	L	60
SUPER_3	6191731	L	60
SUPER_3	6191731	L	60
SUPER_3	6191731	L	60
SUPER_3	6191731	L	60
SUPER_3	6191731	L	60
SUPER_3	6191731	L	60
SUPER_3	6191731	L	60
SUPER_3	6191731	L	60
SUPER_3	6191731	L	60
SUPER_3	6191731	L	60
SUPER_3	6191731	L	60
SUPER_3	6191731	L	60
SUPER_3	6191731	L	60
SUPER_3	6191731	L	60
SUPER_3	6191731	L	60
SUPER_3	6191731	L	60
SUPER_3	6191731	L	60
SUPER_3	6191731	L	60
SUPER_3	6191731	L	60
SUPER_3	6191731	L	60
SUPER_3	6191731	L	60
SUPER_3	6191731	L	60
SUPER_3	6191731	L	60
SUPER_3	6191731	L	60
SUPER_3	6191731	L	60
SUPER_3	6191731	L	60
SUPER_3	6191731	L	60
SUPER_3	6191731	L	60
SUPER_3	6191731	L	60
SUPER_3	6191731	L	60
SUPER_3	6191731	L	60
SUPER_3	6191731	L	60
SUPER_3	6191731	L	60
SUPER_3	6191731	L	60
SUPER_3	6191731	L	60
SUPER_3	6191731	L	60
SUPER_3	6191731	L	60
SUPER_3	6191731	L	60
SUPER_3	6191731	L	60
SUPER_3	6191731	L	60
SUPER_3	6191731	L	60
SUPER_3	6191731	L	60
SUPER_3	6191731	L	60
SUPER_3	6191731	L	60
SUPER_3	6191731	L	60
SUPER_3	6191731	L	60
SUPER_3	6191731	L	60
SUPER_3	6191731	L	60
SUPER_3	6191731	L	60
SUPER_3	6191731	L	60
SUPER_3	6191731	L	60
SUPER_3	6191731	L	60
SUPER_3	6191731	L	60
SUPER_3	6191731	L	60
SUPER_3	6191731	L	60
SUPER_3	6191731	L	60
SUPER_3	6191731	L	60
SUPER_3	6191731	L	60
SUPER_3	6191731	L	60
SUPER_3	6191731	L	60
SUPER_3	6191731	L	60
SUPER_3	6191731	L	60
SUPER_3	6191731	L	60
SUPER_3	6191731	L	60
SUPER_3	6191731	L	60
SUPER_3	6191731	L	60
SUPER_3	6191731	L	60
SUPER_3	6191731	L	60
SUPER_3	6191731	L	60
SUPER_3	6191731	L	60
SUPER_3	6191731	L	60
SUPER_3	6191731	L	60
SUPER_3	6191731	L	60
SUPER_3	6191731	L	60
SUPER_3	6191731	L	60
SUPER_3	6191731	L	60
SUPER_3	6191731	L	60
SUPER_3	6191731	L	60
SUPER_3	6191731	L	60
SUPER_3	6191731	L	60
SUPER_3	6191731	L	60
SUPER_3	6191731	L	60
SUPER_3	6191731	L	60
SUPER_3	6191731	L	60
SUPER_3	6191731	L	60
SUPER_3	6191731	L	60
SUPER_3	6191731	L	60
SUPER_3	6191731	L	60
SUPER_3	6191731	L	60
SUPER_3	6191731	L	60
SUPER_3	6191731	L	60
SUPER_3	6191731	L	60
SUPER_3	6191731	L	60
SUPER_3	6191731	L	60
SUPER_3	6191731	L	60
SUPER_3	6191731	L	60
SUPER_3	6191731	L	60
SUPER_3	6191731	L	60
SUPER_3	6191731	L	60
SUPER_3	6191731	L	60
SUPER_3	6191731	L	60
SUPER_3	6191731	L	60
SUPER_3	6191731	L	60
SUPER_3	6191731	L	60
SUPER_3	6191731	L	60
SUPER_3	6191731	L	60
SUPER_3	6191731	L	60
SUPER_3	6191731	L	60
SUPER_3	6191731	L	60
SUPER_3	6191731	L	60
SUPER_3	6191731	L	60
SUPER_3	6191731	L	60
SUPER_3	6191731	L	60
SUPER_3	6191731	L	60
SUPER_3	6191731	L	60
SUPER_3	6191731	L	60
SUPER_3	6191731	L	60
SUPER_3	6191731	L	60
SUPER_3	6191731	L	60
SUPER_3	6191731	L	60
SUPER_3	6191731	L	60
SUPER_3	6191731	L	60
SUPER_3	6191731	L	60
SUPER_3	6191731	L	60
SUPER_3	6191731	L	60
SUPER_3	6191731	L	60
SUPER_3	6191731	L	60
SUPER_3	6191731	L	60
SUPER_3	6191731	L	60
SUPER_3	6191731	L	60
SUPER_3	6191731	L	60
SUPER_3	6191731	L	60
SUPER_3	6191731	L	60
SUPER_3	6191731	L	60
SUPER_3	6191731	L	60
SUPER_3	6191731	L	60
SUPER_3	6191731	L	60
SUPER_3	6191731	L	60
SUPER_3	6191731	L	60
SUPER_3	6191731	L	60
SUPER_3	6191731	L	60
SUPER_3	6191731	L	60
SUPER_3	6191731	L	60
SUPER_3	6191731	L	60
SUPER_3	6191731	L	60
SUPER_3	6191731	L	60
SUPER_3	6191731	L	60
SUPER_3	6191731	L	60
SUPER_3	6191731	L	60
SUPER_3	6191731	L	60
SUPER_3	6191731	L	60
SUPER_3	6191731	L	60
SUPER_3	6191731	L	60
SUPER_3	6191731	L	60
SUPER_3	6191731	L	60
SUPER_3	6191731	L	60
SUPER_3	6191731	L	60
SUPER_3	6191731	L	60
SUPER_3	6191731	L	60
SUPER_3	6191731	L	60
SUPER_3	6191731	L	60
SUPER_3	6191731	L	60
SUPER_3	6191731	L	60
SUPER_3	6191731	L	60
SUPER_3	6191731	L	60
SUPER_3	6191731	L	60
SUPER_3	6191731	L	60
SUPER_3	6191731	L	60
SUPER_3	6191731	L	60
SUPER_3	6191731	L	60
SUPER_3	6191731	L	60
SUPER_3	6191731	L	60
SUPER_3	6191731	L	60
SUPER_3	6191731	L	60
SUPER_3	6191731	L	60
SUPER_3	6191731	L	60
SUPER_3	6191731	L	60
SUPER_3	6191731	L	60
SUPER_3	6191731	L	60
SUPER_3	6191731	L	60
SUPER_3	6191731	L	60
SUPER_3	6191731	L	60
SUPER_3	6191731	L	60
SUPER_3	6191731	L	60
SUPER_3	6191731	L	60
SUPER_3	6191731	L	60
SUPER_3	6191731	L	60
SUPER_3	6191731	L	60
SUPER_3	6191731	L	60
SUPER_3	6191731	L	60
SUPER_3	6191731	L	60
SUPER_3	6191731	L	60
SUPER_3	6191731	L	60
SUPER_3	6191731	L	60
SUPER_3	6191731	L	60
SUPER_3	6191731	L	60
SUPER_3	6191731	L	60
SUPER_3	6191731	L	60
SUPER_3	6191731	L	60
SUPER_3	6191731	L	60
SUPER_3	6191731	L	60
SUPER_3	6191731	L	60
SUPER_3	6191731	L	60
SUPER_3	6191731	L	60
SUPER_3	6191731	L	60
SUPER_3	6191731	L	60
SUPER_3	6191731	L	60
SUPER_3	6191731	L	60
SUPER_3	6191731	L	60
SUPER_3	6191731	L	60
SUPER_3	6191731	L	60
SUPER_3	6191731	L	60
SUPER_3	6191731	L	60
SUPER_3	6191731	L	60
SUPER_3	6191731	L	60
SUPER_3	6191731	L	60
SUPER_3	6191731	L	60
SUPER_3	6191731	L	60
SUPER_3	6191731	L	60
SUPER_3	6191731	L	60
SUPER_3	6191731	L	60
SUPER_3	6191731	L	60
SUPER_3	6191731	L	60
SUPER_3	6191731	L	60
SUPER_3	6191731	L	60
SUPER_3	6191731	L	60
SUPER_3	6191731	L	60
SUPER_3	6191731	L	60
SUPER_3	6191731	L	60
SUPER_3	6191731	L	60
SUPER_3	6191731	L	60
SUPER_3	6191731	L	60
SUPER_3	6191731	L	60
SUPER_3	6191731	L	60
SUPER_3	6191731	L	60
SUPER_3	6191731	L	60
SUPER_3	6191731	L	60
SUPER_3	6191731	L	60
SUPER_3	6191731	L	60
SUPER_3	6191731	L	60
SUPER_3	6191731	L	60
SUPER_3	6191731	L	60
SUPER_3	6191731	L	60
SUPER_3	6191731	L	60
SUPER_3	6191731	L	60
SUPER_3	6191731	L	60
SUPER_3	6191731	L	60
SUPER_3	6191731	L	60
SUPER_3	6191731	L	60
SUPER_3	6191731	L	60
SUPER_3	6191731	L	60
SUPER_3	6191731	L	60
SUPER_3	6191731	L	60
SUPER_3	6191731	L	60
SUPER_3	6191731	L	60
SUPER_3	6191731	L	60
SUPER_3	6191731	L	60
SUPER_3	6191731	L	60
SUPER_3	6191731	L	60
SUPER_3	6191731	L	60
SUPER_3	6191731	L	60
SUPER_3	6191731	L	60
SUPER_3	6191731	L	60
SUPER_3	6191731	L	60
SUPER_3	6191731	L	60
SUPER_3	6191731	L	60
SUPER_3	6191731	L	60
SUPER_3	6191731	L	60
SUPER_3	6191731	L	60
SUPER_3	6191731	L	60
SUPER_3	6191731	L	60
SUPER_3	6191731	L	60
SUPER_3	6191731	L	60
SUPER_3	6191731	L	60
SUPER_3	6191731	L	60
SUPER_3	6191731	L	60
SUPER_3	6191731	L	60
SUPER_3	6191731	L	60
SUPER_3	6191731	L	60
SUPER_3	6191731	L	60
SUPER_3	6191731	L	60
SUPER_3	6191731	L	60
SUPER_3	6191731	L	60
SUPER_3	6191731	L	60
SUPER_3	6191731	L	60
SUPER_3	6191731	L	60
SUPER_3	6191731	L	60
SUPER_3	6191731	L	60
SUPER_3	6191731	L	60
SUPER_3	6191731	L	60
SUPER_3	6191731	L	60
SUPER_3	6191731	L	60
SUPER_3	6191731	L	60
SUPER_3	6191731	L	60
SUPER_3	6191731	L	60
SUPER_3	6191731	L	60
SUPER_3	6191731	L	60
SUPER_3	6191731	L	60
SUPER_3	6191731	L	60
SUPER_3	6191731	L	60
SUPER_3	6191731	L	60
SUPER_3	6191731	L	60
SUPER_3	6191731	L	60
SUPER_3	6191733	L	60
SUPER_3	6191734	L	60
SUPER_3	6191734	L	60
SUPER_3	6191734	L	60
SUPER_3	6191736	L	60
SUPER_3	6191736	L	60
SUPER_3	6191736	L	60
SUPER_3	6191736	L	60
SUPER_3	6191736	L	60
SUPER_3	6191736	L	60
SUPER_3	6191736	L	60
SUPER_3	6191736	L	60
SUPER_3	6191737	L	60
SUPER_3	6191737	L	60
SUPER_3	6191737	L	60
SUPER_3	6191737	L	60
SUPER_3	6191737	L	60
SUPER_3	6191739	L	60
SUPER_3	6191739	L	60
SUPER_3	6191739	L	60
SUPER_3	6191739	L	60
SUPER_3	6191740	L	60
SUPER_3	6191740	L	60
SUPER_3	6191740	L	60
SUPER_3	6191740	L	60
SUPER_3	6191740	L	60
SUPER_3	6191743	L	60
SUPER_3	6191746	L	60
SUPER_3	6191746	L	60
SUPER_3	6191748	L	60
SUPER_3	10224971	R	60
SUPER_3	11036703	L	60
SUPER_3	11420880	R	60
SUPER_3	11420879	R	60
SUPER_3	11420882	R	60
SUPER_3	11420882	R	60
SUPER_3	11420882	R	60
SUPER_3	11420882	R	60
SUPER_3	11420882	R	60
SUPER_3	11420878	R	60
SUPER_3	11420882	R	60
SUPER_3	11420882	R	60
SUPER_3	11420882	R	60
SUPER_3	11420882	R	60
SUPER_3	11420882	R	60
SUPER_3	11420882	R	60
SUPER_3	11420874	R	60
SUPER_3	11420882	R	60
SUPER_3	11420882	R	60
SUPER_3	11420882	R	60
SUPER_3	11420882	R	60
SUPER_3	11420882	R	60
SUPER_3	11420882	R	60
SUPER_3	11420882	R	60
SUPER_3	11420879	R	60
SUPER_3	11420882	R	60
SUPER_3	11420882	R	60
SUPER_3	11420882	R	60
SUPER_3	11420882	R	60
SUPER_3	11420882	R	60
SUPER_3	11420882	R	60
SUPER_3	11420882	R	60
SUPER_3	11420882	R	60
SUPER_3	11420882	R	60
SUPER_3	11420865	R	60
SUPER_3	11420879	R	60
SUPER_3	11420874	R	60
SUPER_3	11420882	R	60
SUPER_3	11420882	R	60
SUPER_3	11420882	R	60
SUPER_3	11420882	R	60
SUPER_3	11420882	R	60
SUPER_3	11420882	R	60
SUPER_3	11420882	R	60
SUPER_3	11420882	R	60
SUPER_3	11420882	R	60
SUPER_3	11420882	R	60
SUPER_3	11420882	R	60
SUPER_3	11420882	R	60
SUPER_3	11420882	R	60
SUPER_3	11420882	R	60
SUPER_3	11420882	R	60
SUPER_3	11420882	R	60
SUPER_3	11420882	R	60
SUPER_3	11420882	R	60
SUPER_3	11420882	R	60
SUPER_3	11420882	R	60
SUPER_3	11420882	R	60
SUPER_3	11420882	R	60
SUPER_3	11420882	R	60
SUPER_3	11420882	R	60
SUPER_3	11420882	R	60
SUPER_3	11420882	R	60
SUPER_3	11420882	R	60
SUPER_3	11420880	R	60
SUPER_3	11420882	R	60
SUPER_3	11420882	R	60
SUPER_3	11420882	R	60
SUPER_3	11420882	R	60
SUPER_3	11420882	R	60
SUPER_3	11420882	R	60
SUPER_3	11420882	R	60
SUPER_3	11420882	R	60
SUPER_3	11420882	R	60
SUPER_3	11420880	R	60
SUPER_3	11420882	R	60
SUPER_3	11420882	R	60
SUPER_3	11420882	R	60
SUPER_3	11420882	R	60
SUPER_3	11420882	R	60
SUPER_3	11420882	R	60
SUPER_3	11420882	R	60
SUPER_3	11420870	R	60
SUPER_3	11420882	R	60
SUPER_3	11420882	R	60
SUPER_3	11420882	R	60
SUPER_3	11420882	R	60
SUPER_3	11420882	R	60
SUPER_3	11420882	R	60
SUPER_3	11420879	R	60
SUPER_3	11420882	R	60
SUPER_3	11420882	R	60
SUPER_3	11420882	R	60
SUPER_3	11420882	R	60
SUPER_3	11420882	R	60
SUPER_3	11420882	R	60
SUPER_3	11420882	R	60
SUPER_3	11420882	R	60
SUPER_3	11420882	R	60
SUPER_3	11420882	R	60
SUPER_3	11420882	R	60
SUPER_3	11420882	R	60
SUPER_3	11420882	R	60
SUPER_3	11420882	R	60
SUPER_3	11420882	R	60
SUPER_3	11420882	R	60
SUPER_3	11420882	R	60
SUPER_3	11420882	R	60
SUPER_3	11420882	R	60
SUPER_3	11420882	R	60
SUPER_3	11420882	R	60
SUPER_3	11420882	R	60
SUPER_3	11420882	R	60
SUPER_3	11420882	R	60
SUPER_3	11420882	R	60
SUPER_3	11420882	R	60
SUPER_3	11420872	R	60
SUPER_3	11420882	R	60
SUPER_3	11420882	R	60
SUPER_3	11420882	R	60
SUPER_3	11420882	R	60
SUPER_3	11420882	R	60
SUPER_3	11420882	R	60
SUPER_3	11420882	R	60
SUPER_3	11420882	R	60
SUPER_3	11420880	R	60
SUPER_3	11420880	R	60
SUPER_3	11420882	R	60
SUPER_3	11420882	R	60
SUPER_3	11420879	R	60
SUPER_3	11420882	R	60
SUPER_3	11420882	R	60
SUPER_3	11420882	R	60
SUPER_3	11420882	R	60
SUPER_3	11420882	R	60
SUPER_3	11420882	R	60
SUPER_3	11420882	R	60
SUPER_3	11420879	R	60
SUPER_3	11420873	R	60
SUPER_3	11420882	R	60
SUPER_3	11420882	R	60
SUPER_3	11420882	R	60
SUPER_3	11420882	R	60
SUPER_3	11420882	R	60
SUPER_3	11420882	R	60
SUPER_3	11420882	R	60
SUPER_3	11420882	R	60
SUPER_3	11420882	R	60
SUPER_3	11420882	R	60
SUPER_3	11420882	R	60
SUPER_3	11420882	R	60
SUPER_3	11420882	R	60
SUPER_3	11420882	R	60
SUPER_3	11420882	R	60
SUPER_3	11420882	R	60
SUPER_3	11420882	R	60
SUPER_3	11420882	R	60
SUPER_3	11420882	R	60
SUPER_3	11420882	R	60
SUPER_3	11420882	R	60
SUPER_3	11420877	R	60
SUPER_3	11420882	R	60
SUPER_3	11420882	R	60
SUPER_3	11420882	R	60
SUPER_3	11420882	R	60
SUPER_3	11420882	R	60
SUPER_3	11420882	R	60
SUPER_3	11420882	R	60
SUPER_3	11420882	R	60
SUPER_3	11420882	R	60
SUPER_3	11420882	R	60
SUPER_3	11420882	R	60
SUPER_3	11420866	R	60
SUPER_3	11420882	R	60
SUPER_3	11420882	R	60
SUPER_3	11420882	R	60
SUPER_3	11420882	R	60
SUPER_3	11420882	R	60
SUPER_3	11420882	R	60
SUPER_3	11420882	R	60
SUPER_3	11420882	R	60
SUPER_3	11420882	R	60
SUPER_3	11420880	R	60
SUPER_3	11420882	R	60
SUPER_3	11420882	R	60
SUPER_3	11420882	R	60
SUPER_3	11420882	R	60
SUPER_3	11420882	R	60
SUPER_3	11420876	R	60
SUPER_3	11420882	R	60
SUPER_3	11420882	R	60
SUPER_3	11420882	R	60
SUPER_3	11420850	R	60
SUPER_3	11420882	R	60
SUPER_3	11420882	R	60
SUPER_3	11420882	R	60
SUPER_3	11420882	R	60
SUPER_3	11420882	R	60
SUPER_3	11420882	R	60
SUPER_3	11420882	R	60
SUPER_3	11420882	R	60
SUPER_3	11420882	R	60
SUPER_3	11420882	R	60
SUPER_3	11420882	R	60
SUPER_3	11420882	R	60
SUPER_3	11420882	R	60
SUPER_3	11420882	R	60
SUPER_3	11420882	R	60
SUPER_3	11420882	R	60
SUPER_3	11420882	R	60
SUPER_3	11420882	R	60
SUPER_3	11420882	R	60
SUPER_3	11420882	R	60
SUPER_3	11420882	R	60
SUPER_3	11420882	R	60
SUPER_3	11420882	R	60
SUPER_3	11420882	R	60
SUPER_3	11420882	R	60
SUPER_3	11420882	R	60
SUPER_3	11420882	R	60
SUPER_3	11420882	R	60
SUPER_3	11420882	R	60
SUPER_3	11420882	R	60
SUPER_3	11420882	R	60
SUPER_3	11420882	R	60
SUPER_3	11420882	R	60
SUPER_3	11420882	R	60
SUPER_3	11420882	R	60
SUPER_3	11420882	R	60
SUPER_3	11420882	R	60
SUPER_3	11420882	R	60
SUPER_3	11420882	R	60
SUPER_3	11420882	R	60
SUPER_3	11420882	R	60
SUPER_3	11420882	R	60
SUPER_3	11420882	R	60
SUPER_3	11420882	R	60
SUPER_3	11420882	R	60
SUPER_3	11420882	R	60
SUPER_3	11420882	R	60
SUPER_3	11420882	R	60
SUPER_3	11420882	R	60
SUPER_3	11420882	R	60
SUPER_3	11420882	R	60
SUPER_3	11420882	R	60
SUPER_3	11420882	R	60
SUPER_3	11420882	R	60
SUPER_3	11420882	R	60
SUPER_3	11420882	R	60
SUPER_3	11420882	R	60
SUPER_3	11420882	R	60
SUPER_3	11420882	R	60
SUPER_3	11420882	R	60
SUPER_3	11420882	R	60
SUPER_3	11420882	R	60
SUPER_3	11420882	R	60
SUPER_3	11420882	R	60
SUPER_3	11420865	R	60
SUPER_3	11420882	R	60
SUPER_3	11420882	R	60
SUPER_3	11420882	R	60
SUPER_3	11420882	R	60
SUPER_3	11420882	R	60
SUPER_3	11420882	R	60
SUPER_3	11420882	R	60
SUPER_3	11420882	R	60
SUPER_3	11420882	R	60
SUPER_3	11420882	R	60
SUPER_3	11420877	R	60
SUPER_3	11420882	R	60
SUPER_3	11420882	R	60
SUPER_3	11420882	R	60
SUPER_3	11420882	R	60
SUPER_3	11420882	R	60
SUPER_3	11420882	R	60
SUPER_3	11420882	R	60
SUPER_3	11420882	R	60
SUPER_3	11420882	R	60
SUPER_3	11420882	R	60
SUPER_3	11420882	R	60
SUPER_3	11420882	R	60
SUPER_3	11420882	R	60
SUPER_3	11420882	R	60
SUPER_3	11420882	R	60
SUPER_3	11420882	R	60
SUPER_3	11420882	R	60
SUPER_3	11420882	R	60
SUPER_3	11420882	R	60
SUPER_3	11420882	R	60
SUPER_3	11420882	R	60
SUPER_3	11420882	R	60
SUPER_3	11420882	R	60
SUPER_3	11420882	R	60
SUPER_3	11420882	R	60
SUPER_3	11420882	R	60
SUPER_3	11420882	R	60
SUPER_3	11420882	R	60
SUPER_3	11420882	R	60
SUPER_3	11420882	R	60
SUPER_3	11420882	R	60
SUPER_3	11420882	R	60
SUPER_3	11420882	R	60
SUPER_3	11420882	R	60
SUPER_3	11420882	R	60
SUPER_3	11420882	R	60
SUPER_3	11420882	R	60
SUPER_3	11420882	R	60
SUPER_3	11420880	R	60
SUPER_3	11420882	R	60
SUPER_3	11420882	R	60
SUPER_3	11420882	R	60
SUPER_3	11420882	R	60
SUPER_3	11420882	R	60
SUPER_3	11420882	R	60
SUPER_3	11420882	R	60
SUPER_3	11420882	R	60
SUPER_3	11420882	R	60
SUPER_3	11420882	R	60
SUPER_3	11420882	R	60
SUPER_3	11420882	R	60
SUPER_3	11420882	R	60
SUPER_3	11420882	R	60
SUPER_3	11420882	R	60
SUPER_3	11420882	R	60
SUPER_3	11420882	R	60
SUPER_3	11420882	R	60
SUPER_3	11420882	R	60
SUPER_3	11420882	R	60
SUPER_3	11420882	R	60
SUPER_3	11420882	R	60
SUPER_3	11420882	R	60
SUPER_3	11420882	R	60
SUPER_3	11420882	R	60
SUPER_3	11420882	R	60
SUPER_3	11420882	R	60
SUPER_3	11420876	R	60
SUPER_3	11420878	R	60
SUPER_3	11420882	R	60
SUPER_3	11420882	R	60
SUPER_3	11420882	R	60
SUPER_3	11420882	R	60
SUPER_3	11420882	R	60
SUPER_3	11420882	R	60
SUPER_3	11420882	R	60
SUPER_3	11420882	R	60
SUPER_3	11420882	R	60
SUPER_3	11420882	R	60
SUPER_3	11420882	R	60
SUPER_3	11420882	R	60
SUPER_3	11420882	R	60
SUPER_3	11420882	R	60
SUPER_3	11420882	R	60
SUPER_3	11420882	R	60
SUPER_3	11420882	R	60
SUPER_3	11420882	R	60
SUPER_3	11420882	R	60
SUPER_3	11420882	R	60
SUPER_3	11420882	R	60
SUPER_3	11420882	R	60
SUPER_3	11420882	R	60
SUPER_3	11420882	R	60
SUPER_3	11420882	R	60
SUPER_3	11420882	R	60
SUPER_3	11420882	R	60
SUPER_3	11420882	R	60
SUPER_3	11420882	R	60
SUPER_3	11420882	R	60
SUPER_3	11420882	R	60
SUPER_3	11420882	R	60
SUPER_3	11420882	R	60
SUPER_3	11420882	R	60
SUPER_3	11420882	R	60
SUPER_3	11420882	R	60
SUPER_3	11420882	R	60
SUPER_3	11420882	R	60
SUPER_3	11420865	R	60
SUPER_3	11420882	R	60
SUPER_3	11420882	R	60
SUPER_3	11420882	R	60
SUPER_3	11420882	R	60
SUPER_3	11420882	R	60
SUPER_3	11420882	R	60
SUPER_3	11420882	R	60
SUPER_3	11420882	R	60
SUPER_3	11420882	R	60
SUPER_3	11420882	R	60
SUPER_3	11420882	R	60
SUPER_3	11420882	R	60
SUPER_3	11420882	R	60
SUPER_3	11420882	R	60
SUPER_3	11420882	R	60
SUPER_3	11420882	R	60
SUPER_3	11420876	R	60
SUPER_3	11420882	R	60
SUPER_3	11420882	R	60
SUPER_3	11420882	R	60
SUPER_3	11420880	R	60
SUPER_3	11420882	R	60
SUPER_3	11420882	R	60
SUPER_3	11420882	R	60
SUPER_3	11420882	R	60
SUPER_3	11420867	R	60
SUPER_3	11420882	R	60
SUPER_3	11420882	R	60
SUPER_3	11420882	R	60
SUPER_3	11420882	R	60
SUPER_3	11420882	R	60
SUPER_3	11420882	R	60
SUPER_3	11420882	R	60
SUPER_3	11420882	R	60
SUPER_3	11420882	R	60
SUPER_3	11420882	R	60
SUPER_3	11420882	R	60
SUPER_3	11420882	R	60
SUPER_3	11420882	R	60
SUPER_3	11420882	R	60
SUPER_3	11420882	R	60
SUPER_3	11420882	R	60
SUPER_3	11420882	R	60
SUPER_3	11459389	R	60
SUPER_3	13159904	R	60
SUPER_3	13159902	L	60
SUPER_3	13159902	L	60
SUPER_3	13159902	L	60
SUPER_3	13159902	L	60
SUPER_3	13159902	L	60
SUPER_3	13159903	L	60
SUPER_3	13159903	L	60
SUPER_3	13159903	L	60
SUPER_3	13159903	L	60
SUPER_3	13159903	L	60
SUPER_3	13159903	L	60
SUPER_3	13159903	L	60
SUPER_3	13159903	L	60
SUPER_3	13159903	L	60
SUPER_3	13159903	L	60
SUPER_3	13159903	L	60
SUPER_3	13159903	L	60
SUPER_3	13159903	L	60
SUPER_3	13159903	L	60
SUPER_3	13159903	L	60
SUPER_3	13159903	L	60
SUPER_3	13159903	L	60
SUPER_3	13159903	L	60
SUPER_3	13159903	L	60
SUPER_3	13159903	L	60
SUPER_3	13159903	L	60
SUPER_3	13159903	L	60
SUPER_3	13159903	L	60
SUPER_3	13159903	L	60
SUPER_3	13159903	L	60
SUPER_3	13159903	L	60
SUPER_3	13159903	L	60
SUPER_3	13159903	L	60
SUPER_3	13159903	L	60
SUPER_3	13159903	L	60
SUPER_3	13159903	L	60
SUPER_3	13159903	L	60
SUPER_3	13159903	L	60
SUPER_3	13159903	L	60
SUPER_3	13159903	L	60
SUPER_3	13159903	L	60
SUPER_3	13159903	L	60
SUPER_3	13159903	L	60
SUPER_3	13159903	L	60
SUPER_3	13159903	L	60
SUPER_3	13159903	L	60
SUPER_3	13159903	L	60
SUPER_3	13159903	L	60
SUPER_3	13159903	L	60
SUPER_3	13159903	L	60
SUPER_3	13159903	L	60
SUPER_3	13159903	L	60
SUPER_3	13159903	L	60
SUPER_3	13159903	L	60
SUPER_3	13159903	L	60
SUPER_3	13159903	L	60
SUPER_3	13159903	L	60
SUPER_3	13159903	L	60
SUPER_3	13159903	L	60
SUPER_3	13159903	L	60
SUPER_3	13159903	L	60
SUPER_3	13159903	L	60
SUPER_3	13159903	L	60
SUPER_3	13159903	L	60
SUPER_3	13159903	L	60
SUPER_3	13159903	L	60
SUPER_3	13159903	L	60
SUPER_3	13159903	L	60
SUPER_3	13159903	L	60
SUPER_3	13159903	L	60
SUPER_3	13159903	L	60
SUPER_3	13159903	L	60
SUPER_3	13159903	L	60
SUPER_3	13159903	L	60
SUPER_3	13159903	L	60
SUPER_3	13159903	L	60
SUPER_3	13159903	L	60
SUPER_3	13159903	L	60
SUPER_3	13159903	L	60
SUPER_3	13159903	L	60
SUPER_3	13159903	L	60
SUPER_3	13159903	L	60
SUPER_3	13159903	L	60
SUPER_3	13159903	L	60
SUPER_3	13159903	L	60
SUPER_3	13159903	L	60
SUPER_3	13159903	L	60
SUPER_3	13159903	L	60
SUPER_3	13159903	L	60
SUPER_3	13159903	L	60
SUPER_3	13159903	L	60
SUPER_3	13159903	L	60
SUPER_3	13159903	L	60
SUPER_3	13159903	L	60
SUPER_3	13159903	L	60
SUPER_3	13159903	L	60
SUPER_3	13159903	L	60
SUPER_3	13159903	L	60
SUPER_3	13159903	L	60
SUPER_3	13159903	L	60
SUPER_3	13159903	L	60
SUPER_3	13159903	L	60
SUPER_3	13159903	L	60
SUPER_3	13159903	L	60
SUPER_3	13159903	L	60
SUPER_3	13159903	L	60
SUPER_3	13159903	L	60
SUPER_3	13159903	L	60
SUPER_3	13159903	L	60
SUPER_3	13159903	L	60
SUPER_3	13159903	L	60
SUPER_3	13159903	L	60
SUPER_3	13159903	L	60
SUPER_3	13159903	L	60
SUPER_3	13159903	L	60
SUPER_3	13159903	L	60
SUPER_3	13159903	L	60
SUPER_3	13159903	L	60
SUPER_3	13159903	L	60
SUPER_3	13159903	L	60
SUPER_3	13159903	L	60
SUPER_3	13159903	L	60
SUPER_3	13159903	L	60
SUPER_3	13159903	L	60
SUPER_3	13159903	L	60
SUPER_3	13159903	L	60
SUPER_3	13159903	L	60
SUPER_3	13159903	L	60
SUPER_3	13159903	L	60
SUPER_3	13159903	L	60
SUPER_3	13159903	L	60
SUPER_3	13159903	L	60
SUPER_3	13159903	L	60
SUPER_3	13159903	L	60
SUPER_3	13159903	L	60
SUPER_3	13159903	L	60
SUPER_3	13159903	L	60
SUPER_3	13159903	L	60
SUPER_3	13159903	L	60
SUPER_3	13159903	L	60
SUPER_3	13159903	L	60
SUPER_3	13159903	L	60
SUPER_3	13159903	L	60
SUPER_3	13159903	L	60
SUPER_3	13159903	L	60
SUPER_3	13159903	L	60
SUPER_3	13159903	L	60
SUPER_3	13159903	L	60
SUPER_3	13159903	L	60
SUPER_3	13159903	L	60
SUPER_3	13159903	L	60
SUPER_3	13159903	L	60
SUPER_3	13159903	L	60
SUPER_3	13159903	L	60
SUPER_3	13159903	L	60
SUPER_3	13159903	L	60
SUPER_3	13159903	L	60
SUPER_3	13159903	L	60
SUPER_3	13159903	L	60
SUPER_3	13159903	L	60
SUPER_3	13159903	L	60
SUPER_3	13159903	L	60
SUPER_3	13159903	L	60
SUPER_3	13159903	L	60
SUPER_3	13159903	L	60
SUPER_3	13159903	L	60
SUPER_3	13159903	L	60
SUPER_3	13159903	L	60
SUPER_3	13159903	L	60
SUPER_3	13159903	L	60
SUPER_3	13159903	L	60
SUPER_3	13159903	L	60
SUPER_3	13159903	L	60
SUPER_3	13159903	L	60
SUPER_3	13159903	L	60
SUPER_3	13159903	L	60
SUPER_3	13159903	L	60
SUPER_3	13159903	L	60
SUPER_3	13159903	L	60
SUPER_3	13159903	L	60
SUPER_3	13159903	L	60
SUPER_3	13159903	L	60
SUPER_3	13159903	L	60
SUPER_3	13159903	L	60
SUPER_3	13159903	L	60
SUPER_3	13159903	L	60
SUPER_3	13159903	L	60
SUPER_3	13159903	L	60
SUPER_3	13159903	L	60
SUPER_3	13159903	L	60
SUPER_3	13159903	L	60
SUPER_3	13159903	L	60
SUPER_3	13159903	L	60
SUPER_3	13159903	L	60
SUPER_3	13159903	L	60
SUPER_3	13159903	L	60
SUPER_3	13159903	L	60
SUPER_3	13159903	L	60
SUPER_3	13159903	L	60
SUPER_3	13159903	L	60
SUPER_3	13159903	L	60
SUPER_3	13159903	L	60
SUPER_3	13159903	L	60
SUPER_3	13159903	L	60
SUPER_3	13159903	L	60
SUPER_3	13159903	L	60
SUPER_3	13159903	L	60
SUPER_3	13159903	L	60
SUPER_3	13159903	L	60
SUPER_3	13159903	L	60
SUPER_3	13159903	L	60
SUPER_3	13159903	L	60
SUPER_3	13159903	L	60
SUPER_3	13159903	L	60
SUPER_3	13159903	L	60
SUPER_3	13159903	L	60
SUPER_3	13159903	L	60
SUPER_3	13159903	L	60
SUPER_3	13159903	L	60
SUPER_3	13159903	L	60
SUPER_3	13159903	L	60
SUPER_3	13159903	L	60
SUPER_3	13159903	L	60
SUPER_3	13159903	L	60
SUPER_3	13159903	L	60
SUPER_3	13159903	L	60
SUPER_3	13159903	L	60
SUPER_3	13159903	L	60
SUPER_3	13159903	L	60
SUPER_3	13159903	L	60
SUPER_3	13159903	L	60
SUPER_3	13159903	L	60
SUPER_3	13159903	L	60
SUPER_3	13159903	L	60
SUPER_3	13159903	L	60
SUPER_3	13159903	L	60
SUPER_3	13159903	L	60
SUPER_3	13159903	L	60
SUPER_3	13159903	L	60
SUPER_3	13159903	L	60
SUPER_3	13159903	L	60
SUPER_3	13159903	L	60
SUPER_3	13159903	L	60
SUPER_3	13159903	L	60
SUPER_3	13159903	L	60
SUPER_3	13159903	L	60
SUPER_3	13159903	L	60
SUPER_3	13159903	L	60
SUPER_3	13159903	L	60
SUPER_3	13159903	L	60
SUPER_3	13159903	L	60
SUPER_3	13159903	L	60
SUPER_3	13159903	L	60
SUPER_3	13159903	L	60
SUPER_3	13159903	L	60
SUPER_3	13159903	L	60
SUPER_3	13159903	L	60
SUPER_3	13159903	L	60
SUPER_3	13159903	L	60
SUPER_3	13159903	L	60
SUPER_3	13159903	L	60
SUPER_3	13159903	L	60
SUPER_3	13159903	L	60
SUPER_3	13159903	L	60
SUPER_3	13159903	L	60
SUPER_3	13159903	L	60
SUPER_3	13159903	L	60
SUPER_3	13159903	L	60
SUPER_3	13159903	L	60
SUPER_3	13159903	L	60
SUPER_3	13159903	L	60
SUPER_3	13159903	L	60
SUPER_3	13159903	L	60
SUPER_3	13159903	L	60
SUPER_3	13159903	L	60
SUPER_3	13159903	L	60
SUPER_3	13159903	L	60
SUPER_3	13159903	L	60
SUPER_3	13159903	L	60
SUPER_3	13159903	L	60
SUPER_3	13159903	L	60
SUPER_3	13159903	L	60
SUPER_3	13159903	L	60
SUPER_3	13159903	L	60
SUPER_3	13159903	L	60
SUPER_3	13159903	L	60
SUPER_3	13159903	L	60
SUPER_3	13159903	L	60
SUPER_3	13159903	L	60
SUPER_3	13159903	L	60
SUPER_3	13159903	L	60
SUPER_3	13159903	L	60
SUPER_3	13159903	L	60
SUPER_3	13159903	L	60
SUPER_3	13159903	L	60
SUPER_3	13159903	L	60
SUPER_3	13159903	L	60
SUPER_3	13159903	L	60
SUPER_3	13159903	L	60
SUPER_3	13159903	L	60
SUPER_3	13159903	L	60
SUPER_3	13159903	L	60
SUPER_3	13159903	L	60
SUPER_3	13159903	L	60
SUPER_3	13159903	L	60
SUPER_3	13159903	L	60
SUPER_3	13159903	L	60
SUPER_3	13159903	L	60
SUPER_3	13159903	L	60
SUPER_3	13159903	L	60
SUPER_3	13159903	L	60
SUPER_3	13159903	L	60
SUPER_3	13159903	L	60
SUPER_3	13159903	L	60
SUPER_3	13159903	L	60
SUPER_3	13159903	L	60
SUPER_3	13159903	L	60
SUPER_3	13159903	L	60
SUPER_3	13159903	L	60
SUPER_3	13159903	L	60
SUPER_3	13159903	L	60
SUPER_3	13159903	L	60
SUPER_3	13159903	L	60
SUPER_3	13159903	L	60
SUPER_3	13159903	L	60
SUPER_3	13159903	L	60
SUPER_3	13159903	L	60
SUPER_3	13159903	L	60
SUPER_3	13159903	L	60
SUPER_3	13159903	L	60
SUPER_3	13159903	L	60
SUPER_3	13159903	L	60
SUPER_3	13159903	L	60
SUPER_3	13159903	L	60
SUPER_3	13159903	L	60
SUPER_3	13159903	L	60
SUPER_3	13159903	L	60
SUPER_3	13159903	L	60
SUPER_3	13159903	L	60
SUPER_3	13159903	L	60
SUPER_3	13159903	L	60
SUPER_3	13159903	L	60
SUPER_3	13159903	L	60
SUPER_3	13159903	L	60
SUPER_3	13159903	L	60
SUPER_3	13159903	L	60
SUPER_3	13159903	L	60
SUPER_3	13159903	L	60
SUPER_3	13159903	L	60
SUPER_3	13159903	L	60
SUPER_3	13159903	L	60
SUPER_3	13159903	L	60
SUPER_3	13159903	L	60
SUPER_3	13159903	L	60
SUPER_3	13159903	L	60
SUPER_3	13159903	L	60
SUPER_3	13159903	L	60
SUPER_3	13159903	L	60
SUPER_3	13159903	L	60
SUPER_3	13159903	L	60
SUPER_3	13159903	L	60
SUPER_3	13159903	L	60
SUPER_3	13159903	L	60
SUPER_3	13159903	L	60
SUPER_3	13159903	L	60
SUPER_3	13159904	L	60
SUPER_3	13159905	L	60
SUPER_3	13159906	L	60
SUPER_3	13159906	L	60
SUPER_3	13159906	L	60
SUPER_3	13159908	L	60
SUPER_3	13159908	L	60
SUPER_3	13159908	L	60
SUPER_3	13159908	L	60
SUPER_3	13159908	L	60
SUPER_3	13159908	L	60
SUPER_3	13159908	L	60
SUPER_3	13159909	L	60
SUPER_3	13159909	L	60
SUPER_3	13159909	L	60
SUPER_3	13159909	L	60
SUPER_3	13159912	L	60
SUPER_3	13159914	L	60
SUPER_3	18199521	L	60
SUPER_3	18366891	R	60
SUPER_3	18366891	R	60
SUPER_3	18366886	R	60
SUPER_3	18366891	R	60
SUPER_3	18366889	R	60
SUPER_3	18366891	R	60
SUPER_3	18366891	R	60
SUPER_3	18366891	R	60
SUPER_3	18366891	R	60
SUPER_3	18366891	R	60
SUPER_3	18366891	R	60
SUPER_3	18366891	R	60
SUPER_3	18366891	R	60
SUPER_3	18366891	R	60
SUPER_3	18366891	R	60
SUPER_3	18366891	R	60
SUPER_3	18366891	R	60
SUPER_3	18356373	R	60
SUPER_3	18366891	R	60
SUPER_3	18366891	R	60
SUPER_3	18366891	R	60
SUPER_3	18366891	R	60
SUPER_3	18366891	R	60
SUPER_3	18366891	R	60
SUPER_3	18366891	R	60
SUPER_3	18366891	R	60
SUPER_3	18366891	R	60
SUPER_3	18366891	R	60
SUPER_3	18366891	R	60
SUPER_3	18366889	R	60
SUPER_3	18366891	R	60
SUPER_3	18366891	R	60
SUPER_3	18366891	R	60
SUPER_3	18366891	R	60
SUPER_3	18366891	R	60
SUPER_3	18366891	R	60
SUPER_3	18366886	R	60
SUPER_3	18366891	R	60
SUPER_3	18366891	R	60
SUPER_3	18366888	R	60
SUPER_3	18366891	R	60
SUPER_3	18366891	R	60
SUPER_3	18366889	R	60
SUPER_3	18366891	R	60
SUPER_3	18366891	R	60
SUPER_3	18366891	R	60
SUPER_3	18366891	R	60
SUPER_3	18366891	R	60
SUPER_3	18366891	R	60
SUPER_3	18366891	R	60
SUPER_3	18366891	R	60
SUPER_3	18366891	R	60
SUPER_3	18366891	R	60
SUPER_3	18366889	R	60
SUPER_3	18366889	R	60
SUPER_3	18366891	R	60
SUPER_3	18366891	R	60
SUPER_3	18366891	R	60
SUPER_3	18366891	R	60
SUPER_3	18366891	R	60
SUPER_3	18366891	R	60
SUPER_3	18366891	R	60
SUPER_3	18366891	R	60
SUPER_3	18366891	R	60
SUPER_3	18366891	R	60
SUPER_3	18366891	R	60
SUPER_3	18366891	R	60
SUPER_3	18366891	R	60
SUPER_3	18366891	R	60
SUPER_3	18366881	R	60
SUPER_3	18366889	R	60
SUPER_3	18366891	R	60
SUPER_3	18366891	R	60
SUPER_3	18366891	R	60
SUPER_3	18366891	R	60
SUPER_3	18366891	R	60
SUPER_3	18366891	R	60
SUPER_3	18366891	R	60
SUPER_3	18366891	R	60
SUPER_3	18366891	R	60
SUPER_3	18366891	R	60
SUPER_3	18366889	R	60
SUPER_3	18366891	R	60
SUPER_3	18366891	R	60
SUPER_3	18366891	R	60
SUPER_3	18366891	R	60
SUPER_3	18366891	R	60
SUPER_3	18366891	R	60
SUPER_3	18366891	R	60
SUPER_3	18366891	R	60
SUPER_3	18366891	R	60
SUPER_3	18366891	R	60
SUPER_3	18366891	R	60
SUPER_3	18366891	R	60
SUPER_3	18366891	R	60
SUPER_3	18366891	R	60
SUPER_3	18366891	R	60
SUPER_3	18366891	R	60
SUPER_3	18366891	R	60
SUPER_3	18366891	R	60
SUPER_3	18366882	R	60
SUPER_3	18366891	R	60
SUPER_3	18366891	R	60
SUPER_3	18366891	R	60
SUPER_3	18366891	R	60
SUPER_3	18366891	R	60
SUPER_3	18366891	R	60
SUPER_3	18366891	R	60
SUPER_3	18366891	R	60
SUPER_3	18366891	R	60
SUPER_3	18366891	R	60
SUPER_3	18366891	R	60
SUPER_3	18366891	R	60
SUPER_3	18366891	R	60
SUPER_3	18366891	R	60
SUPER_3	18366891	R	60
SUPER_3	18366891	R	60
SUPER_3	18366888	R	60
SUPER_3	18366891	R	60
SUPER_3	18366891	R	60
SUPER_3	18366891	R	60
SUPER_3	18366891	R	60
SUPER_3	18366891	R	60
SUPER_3	18366891	R	60
SUPER_3	18366891	R	60
SUPER_3	18366891	R	60
SUPER_3	18366891	R	60
SUPER_3	18366891	R	60
SUPER_3	18366891	R	60
SUPER_3	18366891	R	60
SUPER_3	18366891	R	60
SUPER_3	18366891	R	60
SUPER_3	18366891	R	60
SUPER_3	18366895	R	60
SUPER_3	18366891	R	60
SUPER_3	18366891	R	60
SUPER_3	18366891	R	60
SUPER_3	18366891	R	60
SUPER_3	18366891	R	60
SUPER_3	18366891	R	60
SUPER_3	18366891	R	60
SUPER_3	18366891	R	60
SUPER_3	18366891	R	60
SUPER_3	18366891	R	60
SUPER_3	18366891	R	60
SUPER_3	18366891	R	60
SUPER_3	18366891	R	60
SUPER_3	18366891	R	60
SUPER_3	18366891	R	60
SUPER_3	18366891	R	60
SUPER_3	18366891	R	60
SUPER_3	18366891	R	60
SUPER_3	18366891	R	60
SUPER_3	18366891	R	60
SUPER_3	18366891	R	60
SUPER_3	18366891	R	60
SUPER_3	18366891	R	60
SUPER_3	18366891	R	60
SUPER_3	18366891	R	60
SUPER_3	18366891	R	60
SUPER_3	18366891	R	60
SUPER_3	18366891	R	60
SUPER_3	18366891	R	60
SUPER_3	18366891	R	60
SUPER_3	18366891	R	60
SUPER_3	18366891	R	60
SUPER_3	18366891	R	60
SUPER_3	18366891	R	60
SUPER_3	18366891	R	60
SUPER_3	18366891	R	60
SUPER_3	18366891	R	60
SUPER_3	18366891	R	60
SUPER_3	18366891	R	60
SUPER_3	18366891	R	60
SUPER_3	18366891	R	60
SUPER_3	18366891	R	60
SUPER_3	18366891	R	60
SUPER_3	18366891	R	60
SUPER_3	18366891	R	60
SUPER_3	18366891	R	60
SUPER_3	18366888	R	60
SUPER_3	18366891	R	60
SUPER_3	18366891	R	60
SUPER_3	18366891	R	60
SUPER_3	18366891	R	60
SUPER_3	18366891	R	60
SUPER_3	18366891	R	60
SUPER_3	18366891	R	60
SUPER_3	18366891	R	60
SUPER_3	18366891	R	60
SUPER_3	18366891	R	60
SUPER_3	18366891	R	60
SUPER_3	18366891	R	60
SUPER_3	18366891	R	60
SUPER_3	18366891	R	60
SUPER_3	18366891	R	60
SUPER_3	18366891	R	60
SUPER_3	18366891	R	60
SUPER_3	18366891	R	60
SUPER_3	18366891	R	60
SUPER_3	18366891	R	60
SUPER_3	18366891	R	60
SUPER_3	18366891	R	60
SUPER_3	18366891	R	60
SUPER_3	18366891	R	60
SUPER_3	18366891	R	60
SUPER_3	18366891	R	60
SUPER_3	18366891	R	60
SUPER_3	18366891	R	60
SUPER_3	18366889	R	60
SUPER_3	18366891	R	60
SUPER_3	18366891	R	60
SUPER_3	18366891	R	60
SUPER_3	18366891	R	60
SUPER_3	18366891	R	60
SUPER_3	18366891	R	60
SUPER_3	18366891	R	60
SUPER_3	18366891	R	60
SUPER_3	18366891	R	60
SUPER_3	18366891	R	60
SUPER_3	18366891	R	60
SUPER_3	18366891	R	60
SUPER_3	18366891	R	60
SUPER_3	18366891	R	60
SUPER_3	18366891	R	60
SUPER_3	18366891	R	60
SUPER_3	18366891	R	60
SUPER_3	18366891	R	60
SUPER_3	18366891	R	60
SUPER_3	18366891	R	60
SUPER_3	18366891	R	60
SUPER_3	18366891	R	60
SUPER_3	18366891	R	60
SUPER_3	18366891	R	60
SUPER_3	18366891	R	60
SUPER_3	18366891	R	60
SUPER_3	18366891	R	60
SUPER_3	18366891	R	60
SUPER_3	18366891	R	60
SUPER_3	18366891	R	60
SUPER_3	18366891	R	60
SUPER_3	18366891	R	60
SUPER_3	18366891	R	60
SUPER_3	18366891	R	60
SUPER_3	18366891	R	60
SUPER_3	18366891	R	60
SUPER_3	18366891	R	60
SUPER_3	18366891	R	60
SUPER_3	18366891	R	60
SUPER_3	18366891	R	60
SUPER_3	18366891	R	60
SUPER_3	18366891	R	60
SUPER_3	18366891	R	60
SUPER_3	18366891	R	60
SUPER_3	18366891	R	60
SUPER_3	18366891	R	60
SUPER_3	18366891	R	60
SUPER_3	18366891	R	60
SUPER_3	18366891	R	60
SUPER_3	18366891	R	60
SUPER_3	18366891	R	60
SUPER_3	18366891	R	60
SUPER_3	18366891	R	60
SUPER_3	18366891	R	60
SUPER_3	18366891	R	60
SUPER_3	18366891	R	60
SUPER_3	18366891	R	60
SUPER_3	18366891	R	60
SUPER_3	18366891	R	60
SUPER_3	18366891	R	60
SUPER_3	18366891	R	60
SUPER_3	18366891	R	60
SUPER_3	18366891	R	60
SUPER_3	18366891	R	60
SUPER_3	18366891	R	60
SUPER_3	18366891	R	60
SUPER_3	18366891	R	60
SUPER_3	18366891	R	60
SUPER_3	18366891	R	60
SUPER_3	18366891	R	60
SUPER_3	18366891	R	60
SUPER_3	18366891	R	60
SUPER_3	18366891	R	60
SUPER_3	18366891	R	60
SUPER_3	18366891	R	60
SUPER_3	18366891	R	60
SUPER_3	18366891	R	60
SUPER_3	18366891	R	60
SUPER_3	18366891	R	60
SUPER_3	18366891	R	60
SUPER_3	18366891	R	60
SUPER_3	18366891	R	60
SUPER_3	18366891	R	60
SUPER_3	18366891	R	60
SUPER_3	18366891	R	60
SUPER_3	18366891	R	60
SUPER_3	18366891	R	60
SUPER_3	18366891	R	60
SUPER_3	18366891	R	60
SUPER_3	18366891	R	60
SUPER_3	18366891	R	60
SUPER_3	18366891	R	60
SUPER_3	18366891	R	60
SUPER_3	18366891	R	60
SUPER_3	18366891	R	60
SUPER_3	18366891	R	60
SUPER_3	18366883	R	60
SUPER_3	18366891	R	60
SUPER_3	18366891	R	60
SUPER_3	18366891	R	60
SUPER_3	18366891	R	60
SUPER_3	18366891	R	60
SUPER_3	18366891	R	60
SUPER_3	18366891	R	60
SUPER_3	18366891	R	60
SUPER_3	18366891	R	60
SUPER_3	18366891	R	60
SUPER_3	18366891	R	60
SUPER_3	18366891	R	60
SUPER_3	18366891	R	60
SUPER_3	18366891	R	60
SUPER_3	18366891	R	60
SUPER_3	18366891	R	60
SUPER_3	18366891	R	60
SUPER_3	18366891	R	60
SUPER_3	18366891	R	60
SUPER_3	18366891	R	60
SUPER_3	18366891	R	60
SUPER_3	18366891	R	60
SUPER_3	18366891	R	60
SUPER_3	18366891	R	60
SUPER_3	18366891	R	60
SUPER_3	18366891	R	60
SUPER_3	18366891	R	60
SUPER_3	18366891	R	60
SUPER_3	18366891	R	60
SUPER_3	18366891	R	60
SUPER_3	18366891	R	60
SUPER_3	18366891	R	60
SUPER_3	18366891	R	60
SUPER_3	18366891	R	60
SUPER_3	18366891	R	60
SUPER_3	18366891	R	60
SUPER_3	18366884	R	60
SUPER_3	18366891	R	60
SUPER_3	18366891	R	60
SUPER_3	18366891	R	60
SUPER_3	18366891	R	60
SUPER_3	18366891	R	60
SUPER_3	18366891	R	60
SUPER_3	18366891	R	60
SUPER_3	18366891	R	60
SUPER_3	18366891	R	60
SUPER_3	18366891	R	60
SUPER_3	18366891	R	60
SUPER_3	18366891	R	60
SUPER_3	18366891	R	60
SUPER_3	18366891	R	60
SUPER_3	18366891	R	60
SUPER_3	18366891	R	60
SUPER_3	18366891	R	60
SUPER_3	18366891	R	60
SUPER_3	18366891	R	60
SUPER_3	18366891	R	60
SUPER_3	18366891	R	60
SUPER_3	18366891	R	60
SUPER_3	18366891	R	60
SUPER_3	18366891	R	60
SUPER_3	18366891	R	60
SUPER_3	18366891	R	60
SUPER_3	18366891	R	60
SUPER_3	18366891	R	60
SUPER_3	18366891	R	60
SUPER_3	18366891	R	60
SUPER_3	18366891	R	60
SUPER_3	18366891	R	60
SUPER_3	18366891	R	60
SUPER_3	18366891	R	60
SUPER_3	18366891	R	60
SUPER_3	18366891	R	60
SUPER_3	18366891	R	60
SUPER_3	18366891	R	60
SUPER_3	18366891	R	60
SUPER_3	18366891	R	60
SUPER_3	18366891	R	60
SUPER_3	18366891	R	60
SUPER_3	18366891	R	60
SUPER_3	18366891	R	60
SUPER_3	18366891	R	60
SUPER_3	18366891	R	60
SUPER_3	18366891	R	60
SUPER_3	18366891	R	60
SUPER_3	18366891	R	60
SUPER_3	18366891	R	60
SUPER_3	18366891	R	60
SUPER_3	18366891	R	60
SUPER_3	18366891	R	60
SUPER_3	18366891	R	60
SUPER_3	18366891	R	60
SUPER_3	18366891	R	60
SUPER_3	18366891	R	60
SUPER_3	22995102	R	1
SUPER_4	1	L	1
SUPER_4	1	L	1
SUPER_4	1	L	1
SUPER_4	1	L	1
SUPER_4	1	L	23
SUPER_4	1	L	23
SUPER_4	1	L	1
SUPER_4	1	L	1
SUPER_4	3745	L	1
SUPER_4	3745	L	1
SUPER_4	3745	L	4
SUPER_4	3745	L	5
SUPER_4	3745	L	6
SUPER_4	3745	L	1
SUPER_4	3745	L	3
SUPER_4	3745	L	1
SUPER_4	4097	L	1
SUPER_4	4097	L	1
SUPER_4	4097	L	10
SUPER_4	4097	L	5
SUPER_4	4097	L	1
SUPER_4	4864844	L	1
SUPER_4	4864844	L	1
SUPER_4	4864844	L	1
SUPER_4	4864844	L	1
SUPER_4	4864844	L	1
SUPER_4	4864844	L	1
SUPER_4	4864844	L	1
SUPER_4	4864844	L	1
SUPER_4	4864844	L	1
SUPER_4	4864852	L	1
SUPER_4	5038212	R	1
SUPER_4	5055988	R	1
SUPER_4	5195007	L	1
SUPER_4	5339170	L	60
SUPER_4	5339172	L	60
SUPER_4	5339173	L	60
SUPER_4	5339173	L	60
SUPER_4	5339173	L	60
SUPER_4	5339173	L	60
SUPER_4	5339173	L	60
SUPER_4	5339173	L	60
SUPER_4	5339173	L	60
SUPER_4	5339173	L	60
SUPER_4	5339173	L	60
SUPER_4	5339173	L	60
SUPER_4	5339173	L	60
SUPER_4	5339173	L	60
SUPER_4	5339173	L	60
SUPER_4	5339173	L	60
SUPER_4	5339173	L	60
SUPER_4	5339173	L	60
SUPER_4	5339173	L	60
SUPER_4	5339173	L	60
SUPER_4	5339173	L	60
SUPER_4	5339173	L	60
SUPER_4	5339173	L	60
SUPER_4	5339173	L	60
SUPER_4	5339173	L	60
SUPER_4	5339173	L	60
SUPER_4	5339173	L	60
SUPER_4	5339173	L	60
SUPER_4	5339173	L	60
SUPER_4	5339173	L	60
SUPER_4	5339173	L	60
SUPER_4	5339173	L	60
SUPER_4	5339173	L	60
SUPER_4	5339173	L	60
SUPER_4	5339173	L	60
SUPER_4	5339173	L	60
SUPER_4	5339173	L	60
SUPER_4	5339173	L	60
SUPER_4	5339173	L	60
SUPER_4	5339173	L	60
SUPER_4	5339173	L	60
SUPER_4	5339173	L	60
SUPER_4	5339173	L	60
SUPER_4	5339173	L	60
SUPER_4	5339173	L	60
SUPER_4	5339173	L	60
SUPER_4	5339173	L	60
SUPER_4	5339173	L	60
SUPER_4	5339173	L	60
SUPER_4	5339173	L	60
SUPER_4	5339173	L	60
SUPER_4	5339173	L	60
SUPER_4	5339173	L	60
SUPER_4	5339173	L	60
SUPER_4	5339173	L	60
SUPER_4	5339173	L	60
SUPER_4	5339173	L	60
SUPER_4	5339173	L	60
SUPER_4	5339173	L	60
SUPER_4	5339173	L	60
SUPER_4	5339173	L	60
SUPER_4	5339173	L	60
SUPER_4	5339173	L	60
SUPER_4	5339173	L	60
SUPER_4	5339173	L	60
SUPER_4	5339173	L	60
SUPER_4	5339173	L	60
SUPER_4	5339173	L	60
SUPER_4	5339173	L	60
SUPER_4	5339173	L	60
SUPER_4	5339173	L	60
SUPER_4	5339173	L	60
SUPER_4	5339173	L	60
SUPER_4	5339173	L	60
SUPER_4	5339173	L	60
SUPER_4	5339173	L	60
SUPER_4	5339173	L	60
SUPER_4	5339173	L	60
SUPER_4	5339173	L	60
SUPER_4	5339173	L	60
SUPER_4	5339173	L	60
SUPER_4	5339173	L	60
SUPER_4	5339173	L	60
SUPER_4	5339173	L	60
SUPER_4	5339173	L	60
SUPER_4	5339173	L	60
SUPER_4	5339173	L	60
SUPER_4	5339173	L	60
SUPER_4	5339173	L	60
SUPER_4	5339173	L	60
SUPER_4	5339173	L	60
SUPER_4	5339173	L	60
SUPER_4	5339173	L	60
SUPER_4	5339173	L	60
SUPER_4	5339173	L	60
SUPER_4	5339173	L	60
SUPER_4	5339173	L	60
SUPER_4	5339173	L	60
SUPER_4	5339173	L	60
SUPER_4	5339173	L	60
SUPER_4	5339173	L	60
SUPER_4	5339173	L	60
SUPER_4	5339173	L	60
SUPER_4	5339173	L	60
SUPER_4	5339173	L	60
SUPER_4	5339173	L	60
SUPER_4	5339173	L	60
SUPER_4	5339173	L	60
SUPER_4	5339173	L	60
SUPER_4	5339173	L	60
SUPER_4	5339173	L	60
SUPER_4	5339173	L	60
SUPER_4	5339173	L	60
SUPER_4	5339173	L	60
SUPER_4	5339173	L	60
SUPER_4	5339173	L	60
SUPER_4	5339173	L	60
SUPER_4	5339173	L	60
SUPER_4	5339173	L	60
SUPER_4	5339173	L	60
SUPER_4	5339173	L	60
SUPER_4	5339173	L	60
SUPER_4	5339173	L	60
SUPER_4	5339173	L	60
SUPER_4	5339173	L	60
SUPER_4	5339173	L	60
SUPER_4	5339173	L	60
SUPER_4	5339173	L	60
SUPER_4	5339173	L	60
SUPER_4	5339173	L	60
SUPER_4	5339173	L	60
SUPER_4	5339173	L	60
SUPER_4	5339173	L	60
SUPER_4	5339173	L	60
SUPER_4	5339173	L	60
SUPER_4	5339173	L	60
SUPER_4	5339173	L	60
SUPER_4	5339173	L	60
SUPER_4	5339173	L	60
SUPER_4	5339173	L	60
SUPER_4	5339173	L	60
SUPER_4	5339173	L	60
SUPER_4	5339173	L	60
SUPER_4	5339173	L	60
SUPER_4	5339173	L	60
SUPER_4	5339173	L	60
SUPER_4	5339173	L	60
SUPER_4	5339173	L	60
SUPER_4	5339173	L	60
SUPER_4	5339173	L	60
SUPER_4	5339173	L	60
SUPER_4	5339173	L	60
SUPER_4	5339173	L	60
SUPER_4	5339173	L	60
SUPER_4	5339173	L	60
SUPER_4	5339173	L	60
SUPER_4	5339173	L	60
SUPER_4	5339173	L	60
SUPER_4	5339173	L	60
SUPER_4	5339173	L	60
SUPER_4	5339173	L	60
SUPER_4	5339173	L	60
SUPER_4	5339173	L	60
SUPER_4	5339173	L	60
SUPER_4	5339173	L	60
SUPER_4	5339173	L	60
SUPER_4	5339173	L	60
SUPER_4	5339173	L	60
SUPER_4	5339173	L	60
SUPER_4	5339173	L	60
SUPER_4	5339173	L	60
SUPER_4	5339173	L	60
SUPER_4	5339173	L	60
SUPER_4	5339173	L	60
SUPER_4	5339173	L	60
SUPER_4	5339173	L	60
SUPER_4	5339173	L	60
SUPER_4	5339173	L	60
SUPER_4	5339173	L	60
SUPER_4	5339173	L	60
SUPER_4	5339173	L	60
SUPER_4	5339173	L	60
SUPER_4	5339173	L	60
SUPER_4	5339173	L	60
SUPER_4	5339173	L	60
SUPER_4	5339173	L	60
SUPER_4	5339173	L	60
SUPER_4	5339173	L	60
SUPER_4	5339173	L	60
SUPER_4	5339173	L	60
SUPER_4	5339173	L	60
SUPER_4	5339173	L	60
SUPER_4	5339173	L	60
SUPER_4	5339173	L	60
SUPER_4	5339173	L	60
SUPER_4	5339173	L	60
SUPER_4	5339173	L	60
SUPER_4	5339173	L	60
SUPER_4	5339173	L	60
SUPER_4	5339173	L	60
SUPER_4	5339173	L	60
SUPER_4	5339173	L	60
SUPER_4	5339173	L	60
SUPER_4	5339173	L	60
SUPER_4	5339173	L	60
SUPER_4	5339173	L	60
SUPER_4	5339173	L	60
SUPER_4	5339173	L	60
SUPER_4	5339173	L	60
SUPER_4	5339173	L	60
SUPER_4	5339173	L	60
SUPER_4	5339173	L	60
SUPER_4	5339173	L	60
SUPER_4	5339173	L	60
SUPER_4	5339173	L	60
SUPER_4	5339173	L	60
SUPER_4	5339173	L	60
SUPER_4	5339173	L	60
SUPER_4	5339173	L	60
SUPER_4	5339173	L	60
SUPER_4	5339173	L	60
SUPER_4	5339173	L	60
SUPER_4	5339173	L	60
SUPER_4	5339173	L	60
SUPER_4	5339173	L	60
SUPER_4	5339173	L	60
SUPER_4	5339173	L	60
SUPER_4	5339173	L	60
SUPER_4	5339173	L	60
SUPER_4	5339173	L	60
SUPER_4	5339173	L	60
SUPER_4	5339173	L	60
SUPER_4	5339173	L	60
SUPER_4	5339173	L	60
SUPER_4	5339173	L	60
SUPER_4	5339173	L	60
SUPER_4	5339173	L	60
SUPER_4	5339173	L	60
SUPER_4	5339173	L	60
SUPER_4	5339173	L	60
SUPER_4	5339173	L	60
SUPER_4	5339173	L	60
SUPER_4	5339173	L	60
SUPER_4	5339173	L	60
SUPER_4	5339173	L	60
SUPER_4	5339173	L	60
SUPER_4	5339173	L	60
SUPER_4	5339173	L	60
SUPER_4	5339173	L	60
SUPER_4	5339173	L	60
SUPER_4	5339173	L	60
SUPER_4	5339173	L	60
SUPER_4	5339173	L	60
SUPER_4	5339173	L	60
SUPER_4	5339173	L	60
SUPER_4	5339173	L	60
SUPER_4	5339173	L	60
SUPER_4	5339173	L	60
SUPER_4	5339173	L	60
SUPER_4	5339173	L	60
SUPER_4	5339173	L	60
SUPER_4	5339173	L	60
SUPER_4	5339173	L	60
SUPER_4	5339173	L	60
SUPER_4	5339173	L	60
SUPER_4	5339173	L	60
SUPER_4	5339173	L	60
SUPER_4	5339173	L	60
SUPER_4	5339173	L	60
SUPER_4	5339173	L	60
SUPER_4	5339173	L	60
SUPER_4	5339173	L	60
SUPER_4	5339173	L	60
SUPER_4	5339173	L	60
SUPER_4	5339175	L	60
SUPER_4	5339175	L	60
SUPER_4	5339175	L	60
SUPER_4	5339175	L	60
SUPER_4	5339175	L	60
SUPER_4	5339175	L	60
SUPER_4	5339175	L	60
SUPER_4	5339176	L	60
SUPER_4	5339176	L	60
SUPER_4	5339176	L	60
SUPER_4	5339176	L	60
SUPER_4	5339178	L	60
SUPER_4	5339178	L	60
SUPER_4	5339179	L	60
SUPER_4	5339179	L	60
SUPER_4	5339179	L	60
SUPER_4	5339180	L	60
SUPER_4	5339180	L	60
SUPER_4	5339180	L	60
SUPER_4	5339180	L	60
SUPER_4	5339180	L	60
SUPER_4	5339181	L	60
SUPER_4	5339185	L	60
SUPER_4	5339185	L	60
SUPER_4	10148041	R	60
SUPER_4	10148041	R	60
SUPER_4	10148035	R	60
SUPER_4	10148041	R	60
SUPER_4	10148041	R	60
SUPER_4	10148041	R	60
SUPER_4	10148032	R	60
SUPER_4	10148041	R	60
SUPER_4	10148041	R	60
SUPER_4	10148035	R	60
SUPER_4	10148041	R	60
SUPER_4	10148041	R	60
SUPER_4	10148041	R	60
SUPER_4	10148041	R	60
SUPER_4	10148041	R	60
SUPER_4	10148041	R	60
SUPER_4	10148041	R	60
SUPER_4	10148041	R	60
SUPER_4	10148041	R	60
SUPER_4	10148041	R	60
SUPER_4	10148041	R	60
SUPER_4	10148041	R	60
SUPER_4	10148036	R	60
SUPER_4	10148041	R	60
SUPER_4	10148041	R	60
SUPER_4	10148041	R	60
SUPER_4	10148041	R	60
SUPER_4	10148039	R	60
SUPER_4	10148041	R	60
SUPER_4	10148041	R	60
SUPER_4	10148041	R	60
SUPER_4	10148041	R	60
SUPER_4	10148041	R	60
SUPER_4	10148041	R	60
SUPER_4	10148041	R	60
SUPER_4	10148041	R	60
SUPER_4	10148030	R	60
SUPER_4	10148041	R	60
SUPER_4	10148041	R	60
SUPER_4	10148041	R	60
SUPER_4	10148041	R	60
SUPER_4	10148041	R	60
SUPER_4	10148041	R	60
SUPER_4	10148041	R	60
SUPER_4	10148041	R	60
SUPER_4	10148041	R	60
SUPER_4	10148041	R	60
SUPER_4	10148041	R	60
SUPER_4	10148041	R	60
SUPER_4	10148041	R	60
SUPER_4	10148041	R	60
SUPER_4	10148041	R	60
SUPER_4	10148041	R	60
SUPER_4	10148036	R	60
SUPER_4	10148025	R	60
SUPER_4	10148041	R	60
SUPER_4	10148038	R	60
SUPER_4	10148041	R	60
SUPER_4	10148041	R	60
SUPER_4	10148041	R	60
SUPER_4	10148041	R	60
SUPER_4	10148041	R	60
SUPER_4	10148041	R	60
SUPER_4	10148041	R	60
SUPER_4	10148041	R	60
SUPER_4	10148041	R	60
SUPER_4	10148041	R	60
SUPER_4	10148041	R	60
SUPER_4	10148041	R	60
SUPER_4	10148041	R	60
SUPER_4	10148041	R	60
SUPER_4	10148041	R	60
SUPER_4	10148041	R	60
SUPER_4	10148041	R	60
SUPER_4	10148041	R	60
SUPER_4	10148041	R	60
SUPER_4	10148041	R	60
SUPER_4	10148041	R	60
SUPER_4	10148041	R	60
SUPER_4	10148041	R	60
SUPER_4	10148041	R	60
SUPER_4	10148041	R	60
SUPER_4	10148041	R	60
SUPER_4	10148041	R	60
SUPER_4	10148041	R	60
SUPER_4	10148041	R	60
SUPER_4	10148041	R	60
SUPER_4	10148041	R	60
SUPER_4	10148041	R	60
SUPER_4	10148041	R	60
SUPER_4	10148041	R	60
SUPER_4	10148041	R	60
SUPER_4	10148033	R	60
SUPER_4	10148041	R	60
SUPER_4	10148041	R	60
SUPER_4	10148041	R	60
SUPER_4	10148041	R	60
SUPER_4	10148041	R	60
SUPER_4	10148041	R	60
SUPER_4	10148041	R	60
SUPER_4	10148041	R	60
SUPER_4	10148041	R	60
SUPER_4	10148041	R	60
SUPER_4	10148035	R	60
SUPER_4	10148041	R	60
SUPER_4	10148041	R	60
SUPER_4	10148041	R	60
SUPER_4	10148041	R	60
SUPER_4	10148041	R	60
SUPER_4	10148041	R	60
SUPER_4	10148042	R	60
SUPER_4	10148041	R	60
SUPER_4	10148041	R	60
SUPER_4	10148041	R	60
SUPER_4	10148041	R	60
SUPER_4	10148041	R	60
SUPER_4	10148041	R	60
SUPER_4	10148041	R	60
SUPER_4	10148026	R	60
SUPER_4	10148041	R	60
SUPER_4	10148041	R	60
SUPER_4	10148041	R	60
SUPER_4	10148041	R	60
SUPER_4	10148041	R	60
SUPER_4	10148041	R	60
SUPER_4	10148041	R	60
SUPER_4	10148041	R	60
SUPER_4	10148041	R	60
SUPER_4	10148042	R	60
SUPER_4	10148041	R	60
SUPER_4	10148041	R	60
SUPER_4	10148041	R	60
SUPER_4	10148041	R	60
SUPER_4	10148041	R	60
SUPER_4	10148041	R	60
SUPER_4	10148041	R	60
SUPER_4	10148036	R	60
SUPER_4	10148041	R	60
SUPER_4	10148041	R	60
SUPER_4	10148041	R	60
SUPER_4	10148041	R	60
SUPER_4	10148041	R	60
SUPER_4	10148041	R	60
SUPER_4	10148041	R	60
SUPER_4	10148041	R	60
SUPER_4	10148041	R	60
SUPER_4	10148036	R	60
SUPER_4	10148041	R	60
SUPER_4	10148041	R	60
SUPER_4	10148041	R	60
SUPER_4	10148041	R	60
SUPER_4	10148041	R	60
SUPER_4	10148041	R	60
SUPER_4	10148041	R	60
SUPER_4	10148041	R	60
SUPER_4	10148041	R	60
SUPER_4	10148041	R	60
SUPER_4	10148041	R	60
SUPER_4	10148041	R	60
SUPER_4	10148041	R	60
SUPER_4	10148041	R	60
SUPER_4	10148041	R	60
SUPER_4	10148041	R	60
SUPER_4	10148041	R	60
SUPER_4	10148041	R	60
SUPER_4	10148041	R	60
SUPER_4	10148041	R	60
SUPER_4	10148041	R	60
SUPER_4	10148041	R	60
SUPER_4	10148041	R	60
SUPER_4	10148041	R	60
SUPER_4	10148041	R	60
SUPER_4	10148041	R	60
SUPER_4	10148041	R	60
SUPER_4	10148041	R	60
SUPER_4	10148041	R	60
SUPER_4	10148031	R	60
SUPER_4	10148041	R	60
SUPER_4	10148041	R	60
SUPER_4	10148041	R	60
SUPER_4	10148041	R	60
SUPER_4	10148042	R	60
SUPER_4	10148041	R	60
SUPER_4	10148041	R	60
SUPER_4	10148041	R	60
SUPER_4	10148041	R	60
SUPER_4	10148041	R	60
SUPER_4	10148041	R	60
SUPER_4	10148041	R	60
SUPER_4	10148041	R	60
SUPER_4	10148041	R	60
SUPER_4	10148041	R	60
SUPER_4	10148041	R	60
SUPER_4	10148041	R	60
SUPER_4	10148041	R	60
SUPER_4	10148041	R	60
SUPER_4	10148041	R	60
SUPER_4	10148041	R	60
SUPER_4	10148041	R	60
SUPER_4	10148041	R	60
SUPER_4	10148041	R	60
SUPER_4	10148041	R	60
SUPER_4	10148041	R	60
SUPER_4	10148041	R	60
SUPER_4	10148041	R	60
SUPER_4	10148041	R	60
SUPER_4	10148041	R	60
SUPER_4	10148041	R	60
SUPER_4	10148041	R	60
SUPER_4	10148041	R	60
SUPER_4	10148041	R	60
SUPER_4	10148041	R	60
SUPER_4	10148041	R	60
SUPER_4	10148041	R	60
SUPER_4	10148041	R	60
SUPER_4	10148041	R	60
SUPER_4	10148041	R	60
SUPER_4	10148041	R	60
SUPER_4	10148041	R	60
SUPER_4	10148041	R	60
SUPER_4	10148041	R	60
SUPER_4	10148041	R	60
SUPER_4	10148041	R	60
SUPER_4	10148041	R	60
SUPER_4	10148041	R	60
SUPER_4	10148041	R	60
SUPER_4	10148041	R	60
SUPER_4	10148041	R	60
SUPER_4	10148041	R	60
SUPER_4	10148041	R	60
SUPER_4	10148041	R	60
SUPER_4	10148042	R	60
SUPER_4	10148041	R	60
SUPER_4	10148041	R	60
SUPER_4	10148041	R	60
SUPER_4	10148041	R	60
SUPER_4	10148039	R	60
SUPER_4	10148041	R	60
SUPER_4	10148041	R	60
SUPER_4	10148041	R	60
SUPER_4	10148041	R	60
SUPER_4	10148041	R	60
SUPER_4	10148041	R	60
SUPER_4	10148041	R	60
SUPER_4	10148041	R	60
SUPER_4	10148041	R	60
SUPER_4	10148041	R	60
SUPER_4	10148041	R	60
SUPER_4	10148041	R	60
SUPER_4	10148041	R	60
SUPER_4	10148041	R	60
SUPER_4	10148041	R	60
SUPER_4	10148041	R	60
SUPER_4	10148041	R	60
SUPER_4	10148041	R	60
SUPER_4	10148041	R	60
SUPER_4	10148041	R	60
SUPER_4	10148041	R	60
SUPER_4	10148041	R	60
SUPER_4	10148041	R	60
SUPER_4	10148041	R	60
SUPER_4	10148041	R	60
SUPER_4	10148041	R	60
SUPER_4	10148041	R	60
SUPER_4	10148041	R	60
SUPER_4	10148041	R	60
SUPER_4	10148041	R	60
SUPER_4	10148041	R	60
SUPER_4	10148041	R	60
SUPER_4	10148041	R	60
SUPER_4	10148041	R	60
SUPER_4	10148041	R	60
SUPER_4	10148041	R	60
SUPER_4	10148041	R	60
SUPER_4	10148041	R	60
SUPER_4	10148041	R	60
SUPER_4	10148041	R	60
SUPER_4	10148041	R	60
SUPER_4	10148041	R	60
SUPER_4	10148041	R	60
SUPER_4	10148041	R	60
SUPER_4	10148033	R	60
SUPER_4	10148041	R	60
SUPER_4	10148041	R	60
SUPER_4	10148041	R	60
SUPER_4	10148041	R	60
SUPER_4	10148041	R	60
SUPER_4	10148038	R	60
SUPER_4	10148041	R	60
SUPER_4	10148041	R	60
SUPER_4	10148041	R	60
SUPER_4	10148041	R	60
SUPER_4	10148041	R	60
SUPER_4	10148041	R	60
SUPER_4	10148041	R	60
SUPER_4	10148041	R	60
SUPER_4	10148041	R	60
SUPER_4	10148041	R	60
SUPER_4	10148036	R	60
SUPER_4	10148041	R	60
SUPER_4	10148041	R	60
SUPER_4	10148041	R	60
SUPER_4	10148041	R	60
SUPER_4	10148033	R	60
SUPER_4	10148041	R	60
SUPER_4	10148041	R	60
SUPER_4	10148041	R	60
SUPER_4	10148041	R	60
SUPER_4	10148041	R	60
SUPER_4	10148041	R	60
SUPER_4	10148041	R	60
SUPER_4	10148041	R	60
SUPER_4	10148041	R	60
SUPER_4	10148041	R	60
SUPER_4	10148041	R	60
SUPER_4	10148041	R	60
SUPER_4	10148041	R	60
SUPER_4	10148041	R	60
SUPER_4	10148041	R	60
SUPER_4	10148041	R	60
SUPER_4	10148041	R	60
SUPER_4	10148041	R	60
SUPER_4	10148041	R	60
SUPER_4	10148041	R	60
SUPER_4	10148041	R	60
SUPER_4	10148041	R	60
SUPER_4	10148041	R	60
SUPER_4	10148041	R	60
SUPER_4	10148041	R	60
SUPER_4	10148041	R	60
SUPER_4	10148041	R	60
SUPER_4	10148041	R	60
SUPER_4	10148035	R	60
SUPER_4	10148041	R	60
SUPER_4	10148041	R	60
SUPER_4	10148041	R	60
SUPER_4	10148041	R	60
SUPER_4	10148041	R	60
SUPER_4	10148041	R	60
SUPER_4	10148041	R	60
SUPER_4	10148041	R	60
SUPER_4	10148041	R	60
SUPER_4	10148041	R	60
SUPER_4	10148041	R	60
SUPER_4	10148041	R	60
SUPER_4	10148041	R	60
SUPER_4	10148041	R	60
SUPER_4	10148041	R	60
SUPER_4	10148041	R	60
SUPER_4	10148041	R	60
SUPER_4	10148041	R	60
SUPER_4	10148041	R	60
SUPER_4	10147814	R	60
SUPER_4	10148041	R	60
SUPER_4	10148041	R	60
SUPER_4	10148041	R	60
SUPER_4	10148041	R	60
SUPER_4	10148041	R	60
SUPER_4	10148041	R	60
SUPER_4	10148041	R	60
SUPER_4	10148041	R	60
SUPER_4	10148041	R	60
SUPER_4	10148041	R	60
SUPER_4	10148041	R	60
SUPER_4	10148041	R	60
SUPER_4	10148041	R	60
SUPER_4	10148041	R	60
SUPER_4	10148041	R	60
SUPER_4	10148041	R	60
SUPER_4	10148041	R	60
SUPER_4	10148041	R	60
SUPER_4	10148041	R	60
SUPER_4	10148041	R	60
SUPER_4	11524807	R	60
SUPER_4	11524805	L	60
SUPER_4	11524805	L	60
SUPER_4	11524805	L	60
SUPER_4	11524805	L	60
SUPER_4	11524806	L	60
SUPER_4	11524806	L	60
SUPER_4	11524806	L	60
SUPER_4	11524806	L	60
SUPER_4	11524806	L	60
SUPER_4	11524806	L	60
SUPER_4	11524806	L	60
SUPER_4	11524806	L	60
SUPER_4	11524806	L	60
SUPER_4	11524806	L	60
SUPER_4	11524806	L	60
SUPER_4	11524806	L	60
SUPER_4	11524806	L	60
SUPER_4	11524806	L	60
SUPER_4	11524806	L	60
SUPER_4	11524806	L	60
SUPER_4	11524806	L	60
SUPER_4	11524806	L	60
SUPER_4	11524806	L	60
SUPER_4	11524806	L	60
SUPER_4	11524806	L	60
SUPER_4	11524806	L	60
SUPER_4	11524806	L	60
SUPER_4	11524806	L	60
SUPER_4	11524806	L	60
SUPER_4	11524806	L	60
SUPER_4	11524806	L	60
SUPER_4	11524806	L	60
SUPER_4	11524806	L	60
SUPER_4	11524806	L	60
SUPER_4	11524806	L	60
SUPER_4	11524806	L	60
SUPER_4	11524806	L	60
SUPER_4	11524806	L	60
SUPER_4	11524806	L	60
SUPER_4	11524806	L	60
SUPER_4	11524806	L	60
SUPER_4	11524806	L	60
SUPER_4	11524806	L	60
SUPER_4	11524806	L	60
SUPER_4	11524806	L	60
SUPER_4	11524806	L	60
SUPER_4	11524806	L	60
SUPER_4	11524806	L	60
SUPER_4	11524806	L	60
SUPER_4	11524806	L	60
SUPER_4	11524806	L	60
SUPER_4	11524806	L	60
SUPER_4	11524806	L	60
SUPER_4	11524806	L	60
SUPER_4	11524806	L	60
SUPER_4	11524806	L	60
SUPER_4	11524806	L	60
SUPER_4	11524806	L	60
SUPER_4	11524806	L	60
SUPER_4	11524806	L	60
SUPER_4	11524806	L	60
SUPER_4	11524806	L	60
SUPER_4	11524806	L	60
SUPER_4	11524806	L	60
SUPER_4	11524806	L	60
SUPER_4	11524806	L	60
SUPER_4	11524806	L	60
SUPER_4	11524806	L	60
SUPER_4	11524806	L	60
SUPER_4	11524806	L	60
SUPER_4	11524806	L	60
SUPER_4	11524806	L	60
SUPER_4	11524806	L	60
SUPER_4	11524806	L	60
SUPER_4	11524806	L	60
SUPER_4	11524806	L	60
SUPER_4	11524806	L	60
SUPER_4	11524806	L	60
SUPER_4	11524806	L	60
SUPER_4	11524806	L	60
SUPER_4	11524806	L	60
SUPER_4	11524806	L	60
SUPER_4	11524806	L	60
SUPER_4	11524806	L	60
SUPER_4	11524806	L	60
SUPER_4	11524806	L	60
SUPER_4	11524806	L	60
SUPER_4	11524806	L	60
SUPER_4	11524806	L	60
SUPER_4	11524806	L	60
SUPER_4	11524806	L	60
SUPER_4	11524806	L	60
SUPER_4	11524806	L	60
SUPER_4	11524806	L	60
SUPER_4	11524806	L	60
SUPER_4	11524806	L	60
SUPER_4	11524806	L	60
SUPER_4	11524806	L	60
SUPER_4	11524806	L	60
SUPER_4	11524806	L	60
SUPER_4	11524806	L	60
SUPER_4	11524806	L	60
SUPER_4	11524806	L	60
SUPER_4	11524806	L	60
SUPER_4	11524806	L	60
SUPER_4	11524806	L	60
SUPER_4	11524806	L	60
SUPER_4	11524806	L	60
SUPER_4	11524806	L	60
SUPER_4	11524806	L	60
SUPER_4	11524806	L	60
SUPER_4	11524806	L	60
SUPER_4	11524806	L	60
SUPER_4	11524806	L	60
SUPER_4	11524806	L	60
SUPER_4	11524806	L	60
SUPER_4	11524806	L	60
SUPER_4	11524806	L	60
SUPER_4	11524806	L	60
SUPER_4	11524806	L	60
SUPER_4	11524806	L	60
SUPER_4	11524806	L	60
SUPER_4	11524806	L	60
SUPER_4	11524806	L	60
SUPER_4	11524806	L	60
SUPER_4	11524806	L	60
SUPER_4	11524806	L	60
SUPER_4	11524806	L	60
SUPER_4	11524806	L	60
SUPER_4	11524806	L	60
SUPER_4	11524806	L	60
SUPER_4	11524806	L	60
SUPER_4	11524806	L	60
SUPER_4	11524806	L	60
SUPER_4	11524806	L	60
SUPER_4	11524806	L	60
SUPER_4	11524806	L	60
SUPER_4	11524806	L	60
SUPER_4	11524806	L	60
SUPER_4	11524806	L	60
SUPER_4	11524806	L	60
SUPER_4	11524806	L	60
SUPER_4	11524806	L	60
SUPER_4	11524806	L	60
SUPER_4	11524806	L	60
SUPER_4	11524806	L	60
SUPER_4	11524806	L	60
SUPER_4	11524806	L	60
SUPER_4	11524806	L	60
SUPER_4	11524806	L	60
SUPER_4	11524806	L	60
SUPER_4	11524806	L	60
SUPER_4	11524806	L	60
SUPER_4	11524806	L	60
SUPER_4	11524806	L	60
SUPER_4	11524806	L	60
SUPER_4	11524806	L	60
SUPER_4	11524806	L	60
SUPER_4	11524806	L	60
SUPER_4	11524806	L	60
SUPER_4	11524806	L	60
SUPER_4	11524806	L	60
SUPER_4	11524806	L	60
SUPER_4	11524806	L	60
SUPER_4	11524806	L	60
SUPER_4	11524806	L	60
SUPER_4	11524806	L	60
SUPER_4	11524806	L	60
SUPER_4	11524806	L	60
SUPER_4	11524806	L	60
SUPER_4	11524806	L	60
SUPER_4	11524806	L	60
SUPER_4	11524806	L	60
SUPER_4	11524806	L	60
SUPER_4	11524806	L	60
SUPER_4	11524806	L	60
SUPER_4	11524806	L	60
SUPER_4	11524806	L	60
SUPER_4	11524806	L	60
SUPER_4	11524806	L	60
SUPER_4	11524806	L	60
SUPER_4	11524806	L	60
SUPER_4	11524806	L	60
SUPER_4	11524806	L	60
SUPER_4	11524806	L	60
SUPER_4	11524806	L	60
SUPER_4	11524806	L	60
SUPER_4	11524806	L	60
SUPER_4	11524806	L	60
SUPER_4	11524806	L	60
SUPER_4	11524806	L	60
SUPER_4	11524806	L	60
SUPER_4	11524806	L	60
SUPER_4	11524806	L	60
SUPER_4	11524806	L	60
SUPER_4	11524806	L	60
SUPER_4	11524806	L	60
SUPER_4	11524806	L	60
SUPER_4	11524806	L	60
SUPER_4	11524806	L	60
SUPER_4	11524806	L	60
SUPER_4	11524806	L	60
SUPER_4	11524806	L	60
SUPER_4	11524806	L	60
SUPER_4	11524806	L	60
SUPER_4	11524806	L	60
SUPER_4	11524806	L	60
SUPER_4	11524806	L	60
SUPER_4	11524806	L	60
SUPER_4	11524806	L	60
SUPER_4	11524806	L	60
SUPER_4	11524806	L	60
SUPER_4	11524806	L	60
SUPER_4	11524806	L	60
SUPER_4	11524806	L	60
SUPER_4	11524806	L	60
SUPER_4	11524806	L	60
SUPER_4	11524806	L	60
SUPER_4	11524806	L	60
SUPER_4	11524806	L	60
SUPER_4	11524806	L	60
SUPER_4	11524806	L	60
SUPER_4	11524806	L	60
SUPER_4	11524806	L	60
SUPER_4	11524806	L	60
SUPER_4	11524806	L	60
SUPER_4	11524806	L	60
SUPER_4	11524806	L	60
SUPER_4	11524806	L	60
SUPER_4	11524806	L	60
SUPER_4	11524806	L	60
SUPER_4	11524806	L	60
SUPER_4	11524806	L	60
SUPER_4	11524806	L	60
SUPER_4	11524806	L	60
SUPER_4	11524806	L	60
SUPER_4	11524806	L	60
SUPER_4	11524806	L	60
SUPER_4	11524806	L	60
SUPER_4	11524806	L	60
SUPER_4	11524806	L	60
SUPER_4	11524806	L	60
SUPER_4	11524806	L	60
SUPER_4	11524806	L	60
SUPER_4	11524806	L	60
SUPER_4	11524806	L	60
SUPER_4	11524806	L	60
SUPER_4	11524806	L	60
SUPER_4	11524806	L	60
SUPER_4	11524806	L	60
SUPER_4	11524806	L	60
SUPER_4	11524806	L	60
SUPER_4	11524806	L	60
SUPER_4	11524806	L	60
SUPER_4	11524806	L	60
SUPER_4	11524806	L	60
SUPER_4	11524806	L	60
SUPER_4	11524806	L	60
SUPER_4	11524806	L	60
SUPER_4	11524806	L	60
SUPER_4	11524806	L	60
SUPER_4	11524806	L	60
SUPER_4	11524806	L	60
SUPER_4	11524806	L	60
SUPER_4	11524806	L	60
SUPER_4	11524806	L	60
SUPER_4	11524806	L	60
SUPER_4	11524806	L	60
SUPER_4	11524806	L	60
SUPER_4	11524806	L	60
SUPER_4	11524806	L	60
SUPER_4	11524806	L	60
SUPER_4	11524806	L	60
SUPER_4	11524806	L	60
SUPER_4	11524806	L	60
SUPER_4	11524806	L	60
SUPER_4	11524806	L	60
SUPER_4	11524806	L	60
SUPER_4	11524806	L	60
SUPER_4	11524806	L	60
SUPER_4	11524806	L	60
SUPER_4	11524806	L	60
SUPER_4	11524806	L	60
SUPER_4	11524806	L	60
SUPER_4	11524806	L	60
SUPER_4	11524806	L	60
SUPER_4	11524806	L	60
SUPER_4	11524806	L	60
SUPER_4	11524806	L	60
SUPER_4	11524806	L	60
SUPER_4	11524806	L	60
SUPER_4	11524806	L	60
SUPER_4	11524806	L	60
SUPER_4	11524806	L	60
SUPER_4	11524806	L	60
SUPER_4	11524806	L	60
SUPER_4	11524806	L	60
SUPER_4	11524806	L	60
SUPER_4	11524806	L	60
SUPER_4	11524806	L	60
SUPER_4	11524806	L	60
SUPER_4	11524806	L	60
SUPER_4	11524806	L	60
SUPER_4	11524806	L	60
SUPER_4	11524806	L	60
SUPER_4	11524806	L	60
SUPER_4	11524806	L	60
SUPER_4	11524806	L	60
SUPER_4	11524806	L	60
SUPER_4	11524806	L	60
SUPER_4	11524806	L	60
SUPER_4	11524806	L	60
SUPER_4	11524806	L	60
SUPER_4	11524806	L	60
SUPER_4	11524806	L	60
SUPER_4	11524806	L	60
SUPER_4	11524806	L	60
SUPER_4	11524806	L	60
SUPER_4	11524806	L	60
SUPER_4	11524806	L	60
SUPER_4	11524806	L	60
SUPER_4	11524806	L	60
SUPER_4	11524806	L	60
SUPER_4	11524806	L	60
SUPER_4	11524806	L	60
SUPER_4	11524806	L	60
SUPER_4	11524806	L	60
SUPER_4	11524806	L	60
SUPER_4	11524806	L	60
SUPER_4	11524806	L	60
SUPER_4	11524806	L	60
SUPER_4	11524806	L	60
SUPER_4	11524806	L	60
SUPER_4	11524806	L	60
SUPER_4	11524806	L	60
SUPER_4	11524806	L	60
SUPER_4	11524806	L	60
SUPER_4	11524806	L	60
SUPER_4	11524806	L	60
SUPER_4	11524806	L	60
SUPER_4	11524806	L	60
SUPER_4	11524806	L	60
SUPER_4	11524806	L	60
SUPER_4	11524806	L	60
SUPER_4	11524806	L	60
SUPER_4	11524808	L	60
SUPER_4	11524808	L	60
SUPER_4	11524808	L	60
SUPER_4	11524808	L	60
SUPER_4	11524808	L	60
SUPER_4	11524808	L	60
SUPER_4	11524808	L	60
SUPER_4	11524809	L	60
SUPER_4	11524809	L	60
SUPER_4	11524809	L	60
SUPER_4	11524809	L	60
SUPER_4	11524809	L	60
SUPER_4	11524809	L	60
SUPER_4	11524814	L	60
SUPER_4	11524814	L	60
SUPER_4	11524814	L	60
SUPER_4	11524814	L	60
SUPER_4	11524814	L	60
SUPER_4	11524814	L	60
SUPER_4	11524815	L	60
SUPER_4	11524815	L	60
SUPER_4	11524815	L	60
SUPER_4	11524815	L	60
SUPER_4	11524815	L	60
SUPER_4	11524815	L	60
SUPER_4	11524815	L	60
SUPER_4	11524815	L	60
SUPER_4	11524816	L	60
SUPER_4	11524817	L	60
SUPER_4	11524817	L	60
SUPER_4	11524817	L	60
SUPER_4	11524819	L	60
SUPER_4	16324230	R	60
SUPER_4	17155157	R	60
SUPER_4	17155167	R	60
SUPER_4	17155165	R	60
SUPER_4	17155167	R	60
SUPER_4	17155167	R	60
SUPER_4	17155167	R	60
SUPER_4	17155167	R	60
SUPER_4	17155167	R	60
SUPER_4	17155167	R	60
SUPER_4	17155167	R	60
SUPER_4	17155167	R	60
SUPER_4	17155167	R	60
SUPER_4	17155167	R	60
SUPER_4	17155167	R	60
SUPER_4	17155167	R	60
SUPER_4	17155167	R	60
SUPER_4	17155167	R	60
SUPER_4	17155167	R	60
SUPER_4	17155167	R	60
SUPER_4	17155162	R	60
SUPER_4	17155167	R	60
SUPER_4	17155167	R	60
SUPER_4	17155167	R	60
SUPER_4	17155167	R	60
SUPER_4	17155167	R	60
SUPER_4	17155167	R	60
SUPER_4	17155167	R	60
SUPER_4	17155167	R	60
SUPER_4	17155167	R	60
SUPER_4	17155167	R	60
SUPER_4	17155167	R	60
SUPER_4	17155167	R	60
SUPER_4	17155167	R	60
SUPER_4	17155167	R	60
SUPER_4	17155167	R	60
SUPER_4	17155167	R	60
SUPER_4	17155167	R	60
SUPER_4	17155167	R	60
SUPER_4	17155167	R	60
SUPER_4	17155167	R	60
SUPER_4	17155167	R	60
SUPER_4	17155167	R	60
SUPER_4	17155167	R	60
SUPER_4	17155167	R	60
SUPER_4	17155167	R	60
SUPER_4	17155164	R	60
SUPER_4	17155167	R	60
SUPER_4	17155167	R	60
SUPER_4	17155167	R	60
SUPER_4	17155167	R	60
SUPER_4	17155167	R	60
SUPER_4	17155167	R	60
SUPER_4	17155167	R	60
SUPER_4	17155167	R	60
SUPER_4	17155167	R	60
SUPER_4	17155167	R	60
SUPER_4	17155167	R	60
SUPER_4	17155167	R	60
SUPER_4	17155167	R	60
SUPER_4	17155167	R	60
SUPER_4	17155167	R	60
SUPER_4	17155167	R	60
SUPER_4	17155167	R	60
SUPER_4	17155167	R	60
SUPER_4	17155167	R	60
SUPER_4	17155167	R	60
SUPER_4	17155167	R	60
SUPER_4	17155167	R	60
SUPER_4	17155162	R	60
SUPER_4	17155167	R	60
SUPER_4	17155167	R	60
SUPER_4	17155167	R	60
SUPER_4	17155165	R	60
SUPER_4	17155162	R	60
SUPER_4	17155167	R	60
SUPER_4	17155167	R	60
SUPER_4	17155167	R	60
SUPER_4	17155167	R	60
SUPER_4	17155167	R	60
SUPER_4	17155167	R	60
SUPER_4	17155167	R	60
SUPER_4	17155167	R	60
SUPER_4	17155167	R	60
SUPER_4	17155167	R	60
SUPER_4	17155167	R	60
SUPER_4	17155167	R	60
SUPER_4	17155167	R	60
SUPER_4	17155167	R	60
SUPER_4	17155167	R	60
SUPER_4	17155167	R	60
SUPER_4	17155167	R	60
SUPER_4	17155167	R	60
SUPER_4	17155167	R	60
SUPER_4	17155167	R	60
SUPER_4	17155167	R	60
SUPER_4	17155167	R	60
SUPER_4	17155167	R	60
SUPER_4	17155167	R	60
SUPER_4	17155167	R	60
SUPER_4	17155167	R	60
SUPER_4	17155167	R	60
SUPER_4	17155167	R	60
SUPER_4	17155167	R	60
SUPER_4	17155167	R	60
SUPER_4	17155167	R	60
SUPER_4	17155167	R	60
SUPER_4	17155167	R	60
SUPER_4	17155167	R	60
SUPER_4	17155167	R	60
SUPER_4	17155167	R	60
SUPER_4	17155167	R	60
SUPER_4	17155164	R	60
SUPER_4	17155167	R	60
SUPER_4	17155167	R	60
SUPER_4	17155167	R	60
SUPER_4	17155167	R	60
SUPER_4	17155167	R	60
SUPER_4	17155167	R	60
SUPER_4	17155167	R	60
SUPER_4	17155167	R	60
SUPER_4	17155167	R	60
SUPER_4	17155167	R	60
SUPER_4	17155164	R	60
SUPER_4	17155167	R	60
SUPER_4	17155167	R	60
SUPER_4	17155167	R	60
SUPER_4	17155167	R	60
SUPER_4	17155167	R	60
SUPER_4	17155167	R	60
SUPER_4	17155167	R	60
SUPER_4	17155167	R	60
SUPER_4	17155167	R	60
SUPER_4	17155167	R	60
SUPER_4	17155167	R	60
SUPER_4	17155164	R	60
SUPER_4	17155167	R	60
SUPER_4	17155167	R	60
SUPER_4	17155162	R	60
SUPER_4	17155167	R	60
SUPER_4	17155170	R	60
SUPER_4	17155162	R	60
SUPER_4	17155167	R	60
SUPER_4	17155167	R	60
SUPER_4	17155167	R	60
SUPER_4	17155167	R	60
SUPER_4	17155167	R	60
SUPER_4	17155167	R	60
SUPER_4	17155167	R	60
SUPER_4	17155167	R	60
SUPER_4	17155167	R	60
SUPER_4	17155167	R	60
SUPER_4	17155167	R	60
SUPER_4	17155167	R	60
SUPER_4	17155167	R	60
SUPER_4	17155167	R	60
SUPER_4	17155162	R	60
SUPER_4	17155167	R	60
SUPER_4	17155167	R	60
SUPER_4	17155167	R	60
SUPER_4	17155167	R	60
SUPER_4	17155167	R	60
SUPER_4	17155167	R	60
SUPER_4	17155167	R	60
SUPER_4	17155167	R	60
SUPER_4	17155167	R	60
SUPER_4	17155167	R	60
SUPER_4	17155167	R	60
SUPER_4	17155167	R	60
SUPER_4	17155167	R	60
SUPER_4	17155167	R	60
SUPER_4	17155165	R	60
SUPER_4	17155167	R	60
SUPER_4	17155167	R	60
SUPER_4	17155167	R	60
SUPER_4	17155167	R	60
SUPER_4	17155167	R	60
SUPER_4	17155167	R	60
SUPER_4	17155167	R	60
SUPER_4	17155167	R	60
SUPER_4	17155167	R	60
SUPER_4	17155167	R	60
SUPER_4	17155167	R	60
SUPER_4	17155167	R	60
SUPER_4	17155167	R	60
SUPER_4	17155167	R	60
SUPER_4	17155167	R	60
SUPER_4	17155167	R	60
SUPER_4	17155167	R	60
SUPER_4	17155167	R	60
SUPER_4	17155167	R	60
SUPER_4	17155167	R	60
SUPER_4	17155167	R	60
SUPER_4	17155167	R	60
SUPER_4	17155167	R	60
SUPER_4	17155167	R	60
SUPER_4	17155167	R	60
SUPER_4	17155167	R	60
SUPER_4	17155167	R	60
SUPER_4	17155167	R	60
SUPER_4	17155167	R	60
SUPER_4	17155167	R	60
SUPER_4	17155167	R	60
SUPER_4	17155167	R	60
SUPER_4	17155167	R	60
SUPER_4	17155167	R	60
SUPER_4	17155167	R	60
SUPER_4	17155167	R	60
SUPER_4	17155167	R	60
SUPER_4	17155167	R	60
SUPER_4	17155167	R	60
SUPER_4	17155167	R	60
SUPER_4	17155167	R	60
SUPER_4	17155167	R	60
SUPER_4	17155167	R	60
SUPER_4	17155167	R	60
SUPER_4	17155167	R	60
SUPER_4	17155167	R	60
SUPER_4	17155167	R	60
SUPER_4	17155167	R	60
SUPER_4	17155167	R	60
SUPER_4	17155167	R	60
SUPER_4	17155167	R	60
SUPER_4	17155167	R	60
SUPER_4	17155167	R	60
SUPER_4	17155167	R	60
SUPER_4	17155167	R	60
SUPER_4	17155167	R	60
SUPER_4	17155167	R	60
SUPER_4	17155167	R	60
SUPER_4	17155167	R	60
SUPER_4	17155167	R	60
SUPER_4	17155167	R	60
SUPER_4	17155167	R	60
SUPER_4	17155167	R	60
SUPER_4	17155167	R	60
SUPER_4	17155165	R	60
SUPER_4	17155167	R	60
SUPER_4	17155167	R	60
SUPER_4	17155167	R	60
SUPER_4	17155167	R	60
SUPER_4	17155167	R	60
SUPER_4	17155167	R	60
SUPER_4	17155167	R	60
SUPER_4	17155167	R	60
SUPER_4	17155167	R	60
SUPER_4	17155167	R	60
SUPER_4	17155167	R	60
SUPER_4	17155165	R	60
SUPER_4	17155165	R	60
SUPER_4	17155167	R	60
SUPER_4	17155167	R	60
SUPER_4	17155167	R	60
SUPER_4	17155167	R	60
SUPER_4	17155167	R	60
SUPER_4	17155167	R	60
SUPER_4	17155167	R	60
SUPER_4	17155167	R	60
SUPER_4	17155167	R	60
SUPER_4	17155167	R	60
SUPER_4	17155167	R	60
SUPER_4	17155167	R	60
SUPER_4	17155167	R	60
SUPER_4	17155162	R	60
SUPER_4	17155167	R	60
SUPER_4	17155167	R	60
SUPER_4	17155167	R	60
SUPER_4	17155167	R	60
SUPER_4	17155167	R	60
SUPER_4	17155167	R	60
SUPER_4	17155167	R	60
SUPER_4	17155167	R	60
SUPER_4	17155162	R	60
SUPER_4	17155167	R	60
SUPER_4	17155167	R	60
SUPER_4	17155167	R	60
SUPER_4	17155167	R	60
SUPER_4	17155167	R	60
SUPER_4	17155167	R	60
SUPER_4	17155167	R	60
SUPER_4	17155167	R	60
SUPER_4	17155167	R	60
SUPER_4	17155167	R	60
SUPER_4	17155167	R	60
SUPER_4	17155167	R	60
SUPER_4	17155167	R	60
SUPER_4	17155167	R	60
SUPER_4	17155167	R	60
SUPER_4	17155167	R	60
SUPER_4	17155167	R	60
SUPER_4	17155167	R	60
SUPER_4	17155167	R	60
SUPER_4	17155167	R	60
SUPER_4	17155167	R	60
SUPER_4	17155167	R	60
SUPER_4	17155167	R	60
SUPER_4	17155167	R	60
SUPER_4	17155167	R	60
SUPER_4	17155167	R	60
SUPER_4	17155167	R	60
SUPER_4	17155167	R	60
SUPER_4	17155167	R	60
SUPER_4	17155167	R	60
SUPER_4	17155167	R	60
SUPER_4	17155167	R	60
SUPER_4	17155167	R	60
SUPER_4	17155167	R	60
SUPER_4	17155167	R	60
SUPER_4	17155167	R	60
SUPER_4	17155167	R	60
SUPER_4	17155167	R	60
SUPER_4	17155167	R	60
SUPER_4	17155167	R	60
SUPER_4	17155167	R	60
SUPER_4	17155167	R	60
SUPER_4	17155167	R	60
SUPER_4	17155167	R	60
SUPER_4	17155167	R	60
SUPER_4	17155167	R	60
SUPER_4	17155167	R	60
SUPER_4	17155167	R	60
SUPER_4	17155167	R	60
SUPER_4	17155167	R	60
SUPER_4	17155167	R	60
SUPER_4	17155167	R	60
SUPER_4	17155167	R	60
SUPER_4	17155167	R	60
SUPER_4	17155167	R	60
SUPER_4	17155167	R	60
SUPER_4	17155167	R	60
SUPER_4	17155167	R	60
SUPER_4	17155167	R	60
SUPER_4	17155167	R	60
SUPER_4	17155167	R	60
SUPER_4	17155167	R	60
SUPER_4	17155167	R	60
SUPER_4	17155167	R	60
SUPER_4	17155167	R	60
SUPER_4	17155167	R	60
SUPER_4	17155167	R	60
SUPER_4	17155167	R	60
SUPER_4	17155165	R	60
SUPER_4	17155167	R	60
SUPER_4	17155167	R	60
SUPER_4	17155167	R	60
SUPER_4	17155167	R	60
SUPER_4	17155167	R	60
SUPER_4	17155167	R	60
SUPER_4	17155167	R	60
SUPER_4	17155167	R	60
SUPER_4	17155167	R	60
SUPER_4	17155167	R	60
SUPER_4	17155167	R	60
SUPER_4	17155167	R	60
SUPER_4	17155167	R	60
SUPER_4	17155167	R	60
SUPER_4	17155167	R	60
SUPER_4	17155167	R	60
SUPER_4	17155167	R	60
SUPER_4	17155167	R	60
SUPER_4	17155167	R	60
SUPER_4	17155167	R	60
SUPER_4	17155167	R	60
SUPER_4	17155167	R	60
SUPER_4	17155167	R	60
SUPER_4	17155167	R	60
SUPER_4	17155167	R	60
SUPER_4	17155167	R	60
SUPER_4	17155167	R	60
SUPER_4	17155165	R	60
SUPER_4	17155167	R	60
SUPER_4	17155167	R	60
SUPER_4	17155167	R	60
SUPER_4	17155167	R	60
SUPER_4	17155167	R	60
SUPER_4	17155167	R	60
SUPER_4	17155167	R	60
SUPER_4	17155167	R	60
SUPER_4	17155167	R	60
SUPER_4	17155167	R	60
SUPER_4	21423953	R	1
SUPER_4	21706116	R	1
SUPER_4	21997769	R	1
SUPER_4	21997769	R	1
SUPER_4	22001844	R	1
SUPER_4	21997769	R	1
SUPER_4	21999521	R	1
SUPER_4	22002345	R	1
SUPER_4	22015369	R	1
SUPER_4	22015369	R	1
SUPER_4	22051969	R	1
SUPER_4	22487756	L	1
SUPER_4	22487756	L	1
SUPER_4	22859527	L	1
SUPER_5	301039	L	1
SUPER_5	3832737	L	60
SUPER_5	3832737	L	60
SUPER_5	3832737	L	60
SUPER_5	3832737	L	60
SUPER_5	3832737	L	60
SUPER_5	3832738	L	60
SUPER_5	3832738	L	60
SUPER_5	3832738	L	60
SUPER_5	3832738	L	60
SUPER_5	3832738	L	60
SUPER_5	3832738	L	60
SUPER_5	3832738	L	60
SUPER_5	3832738	L	60
SUPER_5	3832738	L	60
SUPER_5	3832738	L	60
SUPER_5	3832738	L	60
SUPER_5	3832738	L	60
SUPER_5	3832738	L	60
SUPER_5	3832738	L	60
SUPER_5	3832738	L	60
SUPER_5	3832738	L	60
SUPER_5	3832738	L	60
SUPER_5	3832738	L	60
SUPER_5	3832738	L	60
SUPER_5	3832738	L	60
SUPER_5	3832738	L	60
SUPER_5	3832738	L	60
SUPER_5	3832738	L	60
SUPER_5	3832738	L	60
SUPER_5	3832738	L	60
SUPER_5	3832738	L	60
SUPER_5	3832738	L	60
SUPER_5	3832738	L	60
SUPER_5	3832738	L	60
SUPER_5	3832738	L	60
SUPER_5	3832738	L	60
SUPER_5	3832738	L	60
SUPER_5	3832738	L	60
SUPER_5	3832738	L	60
SUPER_5	3832738	L	60
SUPER_5	3832738	L	60
SUPER_5	3832738	L	60
SUPER_5	3832738	L	60
SUPER_5	3832738	L	60
SUPER_5	3832738	L	60
SUPER_5	3832738	L	60
SUPER_5	3832738	L	60
SUPER_5	3832738	L	60
SUPER_5	3832738	L	60
SUPER_5	3832738	L	60
SUPER_5	3832738	L	60
SUPER_5	3832738	L	60
SUPER_5	3832738	L	60
SUPER_5	3832738	L	60
SUPER_5	3832738	L	60
SUPER_5	3832738	L	60
SUPER_5	3832738	L	60
SUPER_5	3832738	L	60
SUPER_5	3832738	L	60
SUPER_5	3832738	L	60
SUPER_5	3832738	L	60
SUPER_5	3832738	L	60
SUPER_5	3832738	L	60
SUPER_5	3832738	L	60
SUPER_5	3832738	L	60
SUPER_5	3832738	L	60
SUPER_5	3832738	L	60
SUPER_5	3832738	L	60
SUPER_5	3832738	L	60
SUPER_5	3832738	L	60
SUPER_5	3832738	L	60
SUPER_5	3832738	L	60
SUPER_5	3832738	L	60
SUPER_5	3832738	L	60
SUPER_5	3832738	L	60
SUPER_5	3832738	L	60
SUPER_5	3832738	L	60
SUPER_5	3832738	L	60
SUPER_5	3832738	L	60
SUPER_5	3832738	L	60
SUPER_5	3832738	L	60
SUPER_5	3832738	L	60
SUPER_5	3832738	L	60
SUPER_5	3832738	L	60
SUPER_5	3832738	L	60
SUPER_5	3832738	L	60
SUPER_5	3832738	L	60
SUPER_5	3832738	L	60
SUPER_5	3832738	L	60
SUPER_5	3832738	L	60
SUPER_5	3832738	L	60
SUPER_5	3832738	L	60
SUPER_5	3832738	L	60
SUPER_5	3832738	L	60
SUPER_5	3832738	L	60
SUPER_5	3832738	L	60
SUPER_5	3832738	L	60
SUPER_5	3832738	L	60
SUPER_5	3832738	L	60
SUPER_5	3832738	L	60
SUPER_5	3832738	L	60
SUPER_5	3832738	L	60
SUPER_5	3832738	L	60
SUPER_5	3832738	L	60
SUPER_5	3832738	L	60
SUPER_5	3832738	L	60
SUPER_5	3832738	L	60
SUPER_5	3832738	L	60
SUPER_5	3832738	L	60
SUPER_5	3832738	L	60
SUPER_5	3832738	L	60
SUPER_5	3832738	L	60
SUPER_5	3832738	L	60
SUPER_5	3832738	L	60
SUPER_5	3832738	L	60
SUPER_5	3832738	L	60
SUPER_5	3832738	L	60
SUPER_5	3832738	L	60
SUPER_5	3832738	L	60
SUPER_5	3832738	L	60
SUPER_5	3832738	L	60
SUPER_5	3832738	L	60
SUPER_5	3832738	L	60
SUPER_5	3832738	L	60
SUPER_5	3832738	L	60
SUPER_5	3832738	L	60
SUPER_5	3832738	L	60
SUPER_5	3832738	L	60
SUPER_5	3832738	L	60
SUPER_5	3832738	L	60
SUPER_5	3832738	L	60
SUPER_5	3832738	L	60
SUPER_5	3832738	L	60
SUPER_5	3832738	L	60
SUPER_5	3832738	L	60
SUPER_5	3832738	L	60
SUPER_5	3832738	L	60
SUPER_5	3832738	L	60
SUPER_5	3832738	L	60
SUPER_5	3832738	L	60
SUPER_5	3832738	L	60
SUPER_5	3832738	L	60
SUPER_5	3832738	L	60
SUPER_5	3832738	L	60
SUPER_5	3832738	L	60
SUPER_5	3832738	L	60
SUPER_5	3832738	L	60
SUPER_5	3832738	L	60
SUPER_5	3832738	L	60
SUPER_5	3832738	L	60
SUPER_5	3832738	L	60
SUPER_5	3832738	L	60
SUPER_5	3832738	L	60
SUPER_5	3832738	L	60
SUPER_5	3832738	L	60
SUPER_5	3832738	L	60
SUPER_5	3832738	L	60
SUPER_5	3832738	L	60
SUPER_5	3832738	L	60
SUPER_5	3832738	L	60
SUPER_5	3832738	L	60
SUPER_5	3832738	L	60
SUPER_5	3832738	L	60
SUPER_5	3832738	L	60
SUPER_5	3832738	L	60
SUPER_5	3832738	L	60
SUPER_5	3832738	L	60
SUPER_5	3832738	L	60
SUPER_5	3832738	L	60
SUPER_5	3832738	L	60
SUPER_5	3832738	L	60
SUPER_5	3832738	L	60
SUPER_5	3832738	L	60
SUPER_5	3832738	L	60
SUPER_5	3832738	L	60
SUPER_5	3832738	L	60
SUPER_5	3832738	L	60
SUPER_5	3832738	L	60
SUPER_5	3832738	L	60
SUPER_5	3832738	L	60
SUPER_5	3832738	L	60
SUPER_5	3832738	L	60
SUPER_5	3832738	L	60
SUPER_5	3832738	L	60
SUPER_5	3832738	L	60
SUPER_5	3832738	L	60
SUPER_5	3832738	L	60
SUPER_5	3832738	L	60
SUPER_5	3832738	L	60
SUPER_5	3832738	L	60
SUPER_5	3832738	L	60
SUPER_5	3832738	L	60
SUPER_5	3832738	L	60
SUPER_5	3832738	L	60
SUPER_5	3832738	L	60
SUPER_5	3832738	L	60
SUPER_5	3832738	L	60
SUPER_5	3832738	L	60
SUPER_5	3832738	L	60
SUPER_5	3832738	L	60
SUPER_5	3832738	L	60
SUPER_5	3832738	L	60
SUPER_5	3832738	L	60
SUPER_5	3832738	L	60
SUPER_5	3832738	L	60
SUPER_5	3832738	L	60
SUPER_5	3832738	L	60
SUPER_5	3832738	L	60
SUPER_5	3832738	L	60
SUPER_5	3832738	L	60
SUPER_5	3832738	L	60
SUPER_5	3832738	L	60
SUPER_5	3832738	L	60
SUPER_5	3832738	L	60
SUPER_5	3832738	L	60
SUPER_5	3832738	L	60
SUPER_5	3832738	L	60
SUPER_5	3832738	L	60
SUPER_5	3832738	L	60
SUPER_5	3832738	L	60
SUPER_5	3832738	L	60
SUPER_5	3832738	L	60
SUPER_5	3832738	L	60
SUPER_5	3832738	L	60
SUPER_5	3832738	L	60
SUPER_5	3832738	L	60
SUPER_5	3832738	L	60
SUPER_5	3832738	L	60
SUPER_5	3832738	L	60
SUPER_5	3832738	L	60
SUPER_5	3832738	L	60
SUPER_5	3832738	L	60
SUPER_5	3832738	L	60
SUPER_5	3832738	L	60
SUPER_5	3832738	L	60
SUPER_5	3832738	L	60
SUPER_5	3832738	L	60
SUPER_5	3832738	L	60
SUPER_5	3832738	L	60
SUPER_5	3832738	L	60
SUPER_5	3832738	L	60
SUPER_5	3832738	L	60
SUPER_5	3832738	L	60
SUPER_5	3832738	L	60
SUPER_5	3832738	L	60
SUPER_5	3832738	L	60
SUPER_5	3832738	L	60
SUPER_5	3832738	L	60
SUPER_5	3832738	L	60
SUPER_5	3832738	L	60
SUPER_5	3832738	L	60
SUPER_5	3832738	L	60
SUPER_5	3832738	L	60
SUPER_5	3832738	L	60
SUPER_5	3832738	L	60
SUPER_5	3832738	L	60
SUPER_5	3832738	L	60
SUPER_5	3832738	L	60
SUPER_5	3832738	L	60
SUPER_5	3832738	L	60
SUPER_5	3832738	L	60
SUPER_5	3832738	L	60
SUPER_5	3832738	L	60
SUPER_5	3832738	L	60
SUPER_5	3832738	L	60
SUPER_5	3832738	L	60
SUPER_5	3832738	L	60
SUPER_5	3832738	L	60
SUPER_5	3832738	L	60
SUPER_5	3832738	L	60
SUPER_5	3832738	L	60
SUPER_5	3832738	L	60
SUPER_5	3832738	L	60
SUPER_5	3832738	L	60
SUPER_5	3832738	L	60
SUPER_5	3832738	L	60
SUPER_5	3832738	L	60
SUPER_5	3832738	L	60
SUPER_5	3832738	L	60
SUPER_5	3832738	L	60
SUPER_5	3832738	L	60
SUPER_5	3832738	L	60
SUPER_5	3832738	L	60
SUPER_5	3832738	L	60
SUPER_5	3832738	L	60
SUPER_5	3832738	L	60
SUPER_5	3832738	L	60
SUPER_5	3832738	L	60
SUPER_5	3832738	L	60
SUPER_5	3832738	L	60
SUPER_5	3832738	L	60
SUPER_5	3832738	L	60
SUPER_5	3832738	L	60
SUPER_5	3832738	L	60
SUPER_5	3832738	L	60
SUPER_5	3832738	L	60
SUPER_5	3832738	L	60
SUPER_5	3832738	L	60
SUPER_5	3832738	L	60
SUPER_5	3832738	L	60
SUPER_5	3832738	L	60
SUPER_5	3832738	L	60
SUPER_5	3832738	L	60
SUPER_5	3832738	L	60
SUPER_5	3832738	L	60
SUPER_5	3832738	L	60
SUPER_5	3832738	L	60
SUPER_5	3832738	L	60
SUPER_5	3832738	L	60
SUPER_5	3832738	L	60
SUPER_5	3832738	L	60
SUPER_5	3832738	L	60
SUPER_5	3832738	L	60
SUPER_5	3832738	L	60
SUPER_5	3832738	L	60
SUPER_5	3832738	L	60
SUPER_5	3832738	L	60
SUPER_5	3832738	L	60
SUPER_5	3832738	L	60
SUPER_5	3832738	L	60
SUPER_5	3832738	L	60
SUPER_5	3832738	L	60
SUPER_5	3832738	L	60
SUPER_5	3832738	L	60
SUPER_5	3832738	L	60
SUPER_5	3832738	L	60
SUPER_5	3832738	L	60
SUPER_5	3832738	L	60
SUPER_5	3832738	L	60
SUPER_5	3832738	L	60
SUPER_5	3832738	L	60
SUPER_5	3832738	L	60
SUPER_5	3832738	L	60
SUPER_5	3832738	L	60
SUPER_5	3832738	L	60
SUPER_5	3832738	L	60
SUPER_5	3832738	L	60
SUPER_5	3832738	L	60
SUPER_5	3832738	L	60
SUPER_5	3832738	L	60
SUPER_5	3832738	L	60
SUPER_5	3832738	L	60
SUPER_5	3832738	L	60
SUPER_5	3832738	L	60
SUPER_5	3832738	L	60
SUPER_5	3832738	L	60
SUPER_5	3832738	L	60
SUPER_5	3832738	L	60
SUPER_5	3832738	L	60
SUPER_5	3832738	L	60
SUPER_5	3832738	L	60
SUPER_5	3832738	L	60
SUPER_5	3832738	L	60
SUPER_5	3832738	L	60
SUPER_5	3832738	L	60
SUPER_5	3832738	L	60
SUPER_5	3832738	L	60
SUPER_5	3832740	L	60
SUPER_5	3832740	L	60
SUPER_5	3832740	L	60
SUPER_5	3832740	L	60
SUPER_5	3832740	L	60
SUPER_5	3832741	L	60
SUPER_5	3832741	L	60
SUPER_5	3832741	L	60
SUPER_5	3832741	L	60
SUPER_5	3832741	L	60
SUPER_5	3832741	L	60
SUPER_5	3832741	L	60
SUPER_5	3832741	L	60
SUPER_5	3832741	L	60
SUPER_5	3832743	L	60
SUPER_5	3832744	L	60
SUPER_5	3832745	L	60
SUPER_5	3832745	L	60
SUPER_5	3832747	L	60
SUPER_5	3832748	L	60
SUPER_5	3832748	L	60
SUPER_5	7178024	R	60
SUPER_5	9393106	R	60
SUPER_5	9393106	R	60
SUPER_5	9393106	R	60
SUPER_5	9393106	R	60
SUPER_5	9393106	R	60
SUPER_5	9393106	R	60
SUPER_5	9393106	R	60
SUPER_5	9393106	R	60
SUPER_5	9393106	R	60
SUPER_5	9393106	R	60
SUPER_5	9393106	R	60
SUPER_5	9393097	R	60
SUPER_5	9393106	R	60
SUPER_5	9393106	R	60
SUPER_5	9393106	R	60
SUPER_5	9393106	R	60
SUPER_5	9393106	R	60
SUPER_5	9393106	R	60
SUPER_5	9393106	R	60
SUPER_5	9393106	R	60
SUPER_5	9393105	R	60
SUPER_5	9393106	R	60
SUPER_5	9393106	R	60
SUPER_5	9393106	R	60
SUPER_5	9393106	R	60
SUPER_5	9393106	R	60
SUPER_5	9393106	R	60
SUPER_5	9393103	R	60
SUPER_5	9393106	R	60
SUPER_5	9393106	R	60
SUPER_5	9393106	R	60
SUPER_5	9393106	R	60
SUPER_5	9393106	R	60
SUPER_5	9393096	R	60
SUPER_5	9393106	R	60
SUPER_5	9393106	R	60
SUPER_5	9393106	R	60
SUPER_5	9393106	R	60
SUPER_5	9393106	R	60
SUPER_5	9393106	R	60
SUPER_5	9393106	R	60
SUPER_5	9393106	R	60
SUPER_5	9393106	R	60
SUPER_5	9393106	R	60
SUPER_5	9393106	R	60
SUPER_5	9393106	R	60
SUPER_5	9393106	R	60
SUPER_5	9393106	R	60
SUPER_5	9393106	R	60
SUPER_5	9393106	R	60
SUPER_5	9393106	R	60
SUPER_5	9393106	R	60
SUPER_5	9393106	R	60
SUPER_5	9393106	R	60
SUPER_5	9393106	R	60
SUPER_5	9393106	R	60
SUPER_5	9393106	R	60
SUPER_5	9393106	R	60
SUPER_5	9393106	R	60
SUPER_5	9393106	R	60
SUPER_5	9393106	R	60
SUPER_5	9393106	R	60
SUPER_5	9393106	R	60
SUPER_5	9393106	R	60
SUPER_5	9393103	R	60
SUPER_5	9393106	R	60
SUPER_5	9393106	R	60
SUPER_5	9393106	R	60
SUPER_5	9393106	R	60
SUPER_5	9393106	R	60
SUPER_5	9393106	R	60
SUPER_5	9393106	R	60
SUPER_5	9393106	R	60
SUPER_5	9393106	R	60
SUPER_5	9393106	R	60
SUPER_5	9393106	R	60
SUPER_5	9393106	R	60
SUPER_5	9393106	R	60
SUPER_5	9393106	R	60
SUPER_5	9393106	R	60
SUPER_5	9393106	R	60
SUPER_5	9393106	R	60
SUPER_5	9393106	R	60
SUPER_5	9393106	R	60
SUPER_5	9393106	R	60
SUPER_5	9393106	R	60
SUPER_5	9393106	R	60
SUPER_5	9393106	R	60
SUPER_5	9393106	R	60
SUPER_5	9393106	R	60
SUPER_5	9393106	R	60
SUPER_5	9393106	R	60
SUPER_5	9393106	R	60
SUPER_5	9393106	R	60
SUPER_5	9393106	R	60
SUPER_5	9393106	R	60
SUPER_5	9393103	R	60
SUPER_5	9393106	R	60
SUPER_5	9393106	R	60
SUPER_5	9393106	R	60
SUPER_5	9393106	R	60
SUPER_5	9393106	R	60
SUPER_5	9393106	R	60
SUPER_5	9393106	R	60
SUPER_5	9393106	R	60
SUPER_5	9393106	R	60
SUPER_5	9393106	R	60
SUPER_5	9393106	R	60
SUPER_5	9393106	R	60
SUPER_5	9393106	R	60
SUPER_5	9393106	R	60
SUPER_5	9393106	R	60
SUPER_5	9393106	R	60
SUPER_5	9393106	R	60
SUPER_5	9393106	R	60
SUPER_5	9393106	R	60
SUPER_5	9393106	R	60
SUPER_5	9393106	R	60
SUPER_5	9393106	R	60
SUPER_5	9393106	R	60
SUPER_5	9393106	R	60
SUPER_5	9393106	R	60
SUPER_5	9393106	R	60
SUPER_5	9393104	R	60
SUPER_5	9393106	R	60
SUPER_5	9393106	R	60
SUPER_5	9393106	R	60
SUPER_5	9393106	R	60
SUPER_5	9393106	R	60
SUPER_5	9393106	R	60
SUPER_5	9393106	R	60
SUPER_5	9393106	R	60
SUPER_5	9393106	R	60
SUPER_5	9393106	R	60
SUPER_5	9393106	R	60
SUPER_5	9393106	R	60
SUPER_5	9393106	R	60
SUPER_5	9393106	R	60
SUPER_5	9393106	R	60
SUPER_5	9393106	R	60
SUPER_5	9393106	R	60
SUPER_5	9393106	R	60
SUPER_5	9393106	R	60
SUPER_5	9393106	R	60
SUPER_5	9393106	R	60
SUPER_5	9393106	R	60
SUPER_5	9393106	R	60
SUPER_5	9393106	R	60
SUPER_5	9393094	R	60
SUPER_5	9393106	R	60
SUPER_5	9393106	R	60
SUPER_5	9393106	R	60
SUPER_5	9393106	R	60
SUPER_5	9393106	R	60
SUPER_5	9393106	R	60
SUPER_5	9393106	R	60
SUPER_5	9393106	R	60
SUPER_5	9393106	R	60
SUPER_5	9393106	R	60
SUPER_5	9393106	R	60
SUPER_5	9393106	R	60
SUPER_5	9393106	R	60
SUPER_5	9393106	R	60
SUPER_5	9393103	R	60
SUPER_5	9393106	R	60
SUPER_5	9393106	R	60
SUPER_5	9393106	R	60
SUPER_5	9393106	R	60
SUPER_5	9393106	R	60
SUPER_5	9393106	R	60
SUPER_5	9393106	R	60
SUPER_5	9393106	R	60
SUPER_5	9393106	R	60
SUPER_5	9393106	R	60
SUPER_5	9393106	R	60
SUPER_5	9393106	R	60
SUPER_5	9393106	R	60
SUPER_5	9393096	R	60
SUPER_5	9393106	R	60
SUPER_5	9393106	R	60
SUPER_5	9393106	R	60
SUPER_5	9393106	R	60
SUPER_5	9393106	R	60
SUPER_5	9393106	R	60
SUPER_5	9393106	R	60
SUPER_5	9393106	R	60
SUPER_5	9393106	R	60
SUPER_5	9393106	R	60
SUPER_5	9393106	R	60
SUPER_5	9393106	R	60
SUPER_5	9393106	R	60
SUPER_5	9393106	R	60
SUPER_5	9393106	R	60
SUPER_5	9393106	R	60
SUPER_5	9393106	R	60
SUPER_5	9393106	R	60
SUPER_5	9393106	R	60
SUPER_5	9393106	R	60
SUPER_5	9393106	R	60
SUPER_5	9393106	R	60
SUPER_5	9393106	R	60
SUPER_5	9393098	R	60
SUPER_5	9393106	R	60
SUPER_5	9393106	R	60
SUPER_5	9393106	R	60
SUPER_5	9393103	R	60
SUPER_5	9393106	R	60
SUPER_5	9393104	R	60
SUPER_5	9393106	R	60
SUPER_5	9393106	R	60
SUPER_5	9393106	R	60
SUPER_5	9393106	R	60
SUPER_5	9393104	R	60
SUPER_5	9393106	R	60
SUPER_5	9393104	R	60
SUPER_5	9393106	R	60
SUPER_5	9393106	R	60
SUPER_5	9393106	R	60
SUPER_5	9393106	R	60
SUPER_5	9393106	R	60
SUPER_5	9393106	R	60
SUPER_5	9393106	R	60
SUPER_5	9393106	R	60
SUPER_5	9393106	R	60
SUPER_5	9393106	R	60
SUPER_5	9393103	R	60
SUPER_5	9393106	R	60
SUPER_5	9393106	R	60
SUPER_5	9393106	R	60
SUPER_5	9393106	R	60
SUPER_5	9393106	R	60
SUPER_5	9393106	R	60
SUPER_5	9393106	R	60
SUPER_5	9393106	R	60
SUPER_5	9393106	R	60
SUPER_5	9393106	R	60
SUPER_5	9393106	R	60
SUPER_5	9393106	R	60
SUPER_5	9393106	R	60
SUPER_5	9393106	R	60
SUPER_5	9393106	R	60
SUPER_5	9393106	R	60
SUPER_5	9393106	R	60
SUPER_5	9393106	R	60
SUPER_5	9393106	R	60
SUPER_5	9393106	R	60
SUPER_5	9393106	R	60
SUPER_5	9393106	R	60
SUPER_5	9393106	R	60
SUPER_5	9393106	R	60
SUPER_5	9393106	R	60
SUPER_5	9393106	R	60
SUPER_5	9393106	R	60
SUPER_5	9393106	R	60
SUPER_5	9393106	R	60
SUPER_5	9393106	R	60
SUPER_5	9393106	R	60
SUPER_5	9393106	R	60
SUPER_5	9393106	R	60
SUPER_5	9393106	R	60
SUPER_5	9393106	R	60
SUPER_5	9393106	R	60
SUPER_5	9393106	R	60
SUPER_5	9393106	R	60
SUPER_5	9393106	R	60
SUPER_5	9393106	R	60
SUPER_5	9393106	R	60
SUPER_5	9393106	R	60
SUPER_5	9393106	R	60
SUPER_5	9393106	R	60
SUPER_5	9393106	R	60
SUPER_5	9393106	R	60
SUPER_5	9393106	R	60
SUPER_5	9393106	R	60
SUPER_5	9393106	R	60
SUPER_5	9393106	R	60
SUPER_5	9393103	R	60
SUPER_5	9393106	R	60
SUPER_5	9393106	R	60
SUPER_5	9393106	R	60
SUPER_5	9393106	R	60
SUPER_5	9393106	R	60
SUPER_5	9393106	R	60
SUPER_5	9393106	R	60
SUPER_5	9393106	R	60
SUPER_5	9393106	R	60
SUPER_5	9393106	R	60
SUPER_5	9393106	R	60
SUPER_5	9393106	R	60
SUPER_5	9393106	R	60
SUPER_5	9393106	R	60
SUPER_5	9393106	R	60
SUPER_5	9393106	R	60
SUPER_5	9393106	R	60
SUPER_5	9393106	R	60
SUPER_5	9393106	R	60
SUPER_5	9393106	R	60
SUPER_5	9393106	R	60
SUPER_5	9393106	R	60
SUPER_5	9393106	R	60
SUPER_5	9393106	R	60
SUPER_5	9393106	R	60
SUPER_5	9393106	R	60
SUPER_5	9393106	R	60
SUPER_5	9393106	R	60
SUPER_5	9393106	R	60
SUPER_5	9393106	R	60
SUPER_5	9393106	R	60
SUPER_5	9393106	R	60
SUPER_5	9393106	R	60
SUPER_5	9393106	R	60
SUPER_5	9393106	R	60
SUPER_5	9393106	R	60
SUPER_5	9393106	R	60
SUPER_5	9393106	R	60
SUPER_5	9393106	R	60
SUPER_5	9393106	R	60
SUPER_5	9393106	R	60
SUPER_5	9393106	R	60
SUPER_5	9393106	R	60
SUPER_5	9393106	R	60
SUPER_5	9393106	R	60
SUPER_5	9393100	R	60
SUPER_5	9393106	R	60
SUPER_5	9393106	R	60
SUPER_5	9393106	R	60
SUPER_5	9393103	R	60
SUPER_5	9393106	R	60
SUPER_5	9393106	R	60
SUPER_5	9393106	R	60
SUPER_5	9393106	R	60
SUPER_5	9393106	R	60
SUPER_5	9393106	R	60
SUPER_5	9393106	R	60
SUPER_5	9393106	R	60
SUPER_5	9393106	R	60
SUPER_5	9393106	R	60
SUPER_5	9393106	R	60
SUPER_5	9393106	R	60
SUPER_5	9393104	R	60
SUPER_5	9393106	R	60
SUPER_5	9393106	R	60
SUPER_5	9393106	R	60
SUPER_5	9393106	R	60
SUPER_5	9393106	R	60
SUPER_5	9393106	R	60
SUPER_5	9393106	R	60
SUPER_5	9393106	R	60
SUPER_5	9393106	R	60
SUPER_5	9393106	R	60
SUPER_5	9393106	R	60
SUPER_5	9393106	R	60
SUPER_5	9393106	R	60
SUPER_5	9393106	R	60
SUPER_5	9393106	R	60
SUPER_5	9393106	R	60
SUPER_5	9393106	R	60
SUPER_5	9393106	R	60
SUPER_5	9393106	R	60
SUPER_5	9393106	R	60
SUPER_5	9393106	R	60
SUPER_5	9393106	R	60
SUPER_5	9393106	R	60
SUPER_5	9393106	R	60
SUPER_5	9393106	R	60
SUPER_5	9393106	R	60
SUPER_5	9393106	R	60
SUPER_5	9393106	R	60
SUPER_5	9393106	R	60
SUPER_5	9393106	R	60
SUPER_5	9393104	R	60
SUPER_5	9393106	R	60
SUPER_5	9393106	R	60
SUPER_5	9393106	R	60
SUPER_5	9393106	R	60
SUPER_5	9393106	R	60
SUPER_5	9393106	R	60
SUPER_5	9393106	R	60
SUPER_5	9393106	R	60
SUPER_5	9393106	R	60
SUPER_5	10673159	L	60
SUPER_5	10673159	L	60
SUPER_5	10673159	L	60
SUPER_5	10673160	L	60
SUPER_5	10673160	L	60
SUPER_5	10673160	L	60
SUPER_5	10673160	L	60
SUPER_5	10673160	L	60
SUPER_5	10673160	L	60
SUPER_5	10673160	L	60
SUPER_5	10673160	L	60
SUPER_5	10673160	L	60
SUPER_5	10673160	L	60
SUPER_5	10673160	L	60
SUPER_5	10673160	L	60
SUPER_5	10673160	L	60
SUPER_5	10673160	L	60
SUPER_5	10673160	L	60
SUPER_5	10673160	L	60
SUPER_5	10673160	L	60
SUPER_5	10673160	L	60
SUPER_5	10673160	L	60
SUPER_5	10673160	L	60
SUPER_5	10673160	L	60
SUPER_5	10673160	L	60
SUPER_5	10673160	L	60
SUPER_5	10673160	L	60
SUPER_5	10673160	L	60
SUPER_5	10673160	L	60
SUPER_5	10673160	L	60
SUPER_5	10673160	L	60
SUPER_5	10673160	L	60
SUPER_5	10673160	L	60
SUPER_5	10673160	L	60
SUPER_5	10673160	L	60
SUPER_5	10673160	L	60
SUPER_5	10673160	L	60
SUPER_5	10673160	L	60
SUPER_5	10673160	L	60
SUPER_5	10673160	L	60
SUPER_5	10673160	L	60
SUPER_5	10673160	L	60
SUPER_5	10673160	L	60
SUPER_5	10673160	L	60
SUPER_5	10673160	L	60
SUPER_5	10673160	L	60
SUPER_5	10673160	L	60
SUPER_5	10673160	L	60
SUPER_5	10673160	L	60
SUPER_5	10673160	L	60
SUPER_5	10673160	L	60
SUPER_5	10673160	L	60
SUPER_5	10673160	L	60
SUPER_5	10673160	L	60
SUPER_5	10673160	L	60
SUPER_5	10673160	L	60
SUPER_5	10673160	L	60
SUPER_5	10673160	L	60
SUPER_5	10673160	L	60
SUPER_5	10673160	L	60
SUPER_5	10673160	L	60
SUPER_5	10673160	L	60
SUPER_5	10673160	L	60
SUPER_5	10673160	L	60
SUPER_5	10673160	L	60
SUPER_5	10673160	L	60
SUPER_5	10673160	L	60
SUPER_5	10673160	L	60
SUPER_5	10673160	L	60
SUPER_5	10673160	L	60
SUPER_5	10673160	L	60
SUPER_5	10673160	L	60
SUPER_5	10673160	L	60
SUPER_5	10673160	L	60
SUPER_5	10673160	L	60
SUPER_5	10673160	L	60
SUPER_5	10673160	L	60
SUPER_5	10673160	L	60
SUPER_5	10673160	L	60
SUPER_5	10673160	L	60
SUPER_5	10673160	L	60
SUPER_5	10673160	L	60
SUPER_5	10673160	L	60
SUPER_5	10673160	L	60
SUPER_5	10673160	L	60
SUPER_5	10673160	L	60
SUPER_5	10673160	L	60
SUPER_5	10673160	L	60
SUPER_5	10673160	L	60
SUPER_5	10673160	L	60
SUPER_5	10673160	L	60
SUPER_5	10673160	L	60
SUPER_5	10673160	L	60
SUPER_5	10673160	L	60
SUPER_5	10673160	L	60
SUPER_5	10673160	L	60
SUPER_5	10673160	L	60
SUPER_5	10673160	L	60
SUPER_5	10673160	L	60
SUPER_5	10673160	L	60
SUPER_5	10673160	L	60
SUPER_5	10673160	L	60
SUPER_5	10673160	L	60
SUPER_5	10673160	L	60
SUPER_5	10673160	L	60
SUPER_5	10673160	L	60
SUPER_5	10673160	L	60
SUPER_5	10673160	L	60
SUPER_5	10673160	L	60
SUPER_5	10673160	L	60
SUPER_5	10673160	L	60
SUPER_5	10673160	L	60
SUPER_5	10673160	L	60
SUPER_5	10673160	L	60
SUPER_5	10673160	L	60
SUPER_5	10673160	L	60
SUPER_5	10673160	L	60
SUPER_5	10673160	L	60
SUPER_5	10673160	L	60
SUPER_5	10673160	L	60
SUPER_5	10673160	L	60
SUPER_5	10673160	L	60
SUPER_5	10673160	L	60
SUPER_5	10673160	L	60
SUPER_5	10673160	L	60
SUPER_5	10673160	L	60
SUPER_5	10673160	L	60
SUPER_5	10673160	L	60
SUPER_5	10673160	L	60
SUPER_5	10673160	L	60
SUPER_5	10673160	L	60
SUPER_5	10673160	L	60
SUPER_5	10673160	L	60
SUPER_5	10673160	L	60
SUPER_5	10673160	L	60
SUPER_5	10673160	L	60
SUPER_5	10673160	L	60
SUPER_5	10673160	L	60
SUPER_5	10673160	L	60
SUPER_5	10673160	L	60
SUPER_5	10673160	L	60
SUPER_5	10673160	L	60
SUPER_5	10673160	L	60
SUPER_5	10673160	L	60
SUPER_5	10673160	L	60
SUPER_5	10673160	L	60
SUPER_5	10673160	L	60
SUPER_5	10673160	L	60
SUPER_5	10673160	L	60
SUPER_5	10673160	L	60
SUPER_5	10673160	L	60
SUPER_5	10673160	L	60
SUPER_5	10673160	L	60
SUPER_5	10673160	L	60
SUPER_5	10673160	L	60
SUPER_5	10673160	L	60
SUPER_5	10673160	L	60
SUPER_5	10673160	L	60
SUPER_5	10673160	L	60
SUPER_5	10673160	L	60
SUPER_5	10673160	L	60
SUPER_5	10673160	L	60
SUPER_5	10673160	L	60
SUPER_5	10673160	L	60
SUPER_5	10673160	L	60
SUPER_5	10673160	L	60
SUPER_5	10673160	L	60
SUPER_5	10673160	L	60
SUPER_5	10673160	L	60
SUPER_5	10673160	L	60
SUPER_5	10673160	L	60
SUPER_5	10673160	L	60
SUPER_5	10673160	L	60
SUPER_5	10673160	L	60
SUPER_5	10673160	L	60
SUPER_5	10673160	L	60
SUPER_5	10673160	L	60
SUPER_5	10673160	L	60
SUPER_5	10673160	L	60
SUPER_5	10673160	L	60
SUPER_5	10673160	L	60
SUPER_5	10673160	L	60
SUPER_5	10673160	L	60
SUPER_5	10673160	L	60
SUPER_5	10673160	L	60
SUPER_5	10673160	L	60
SUPER_5	10673160	L	60
SUPER_5	10673160	L	60
SUPER_5	10673160	L	60
SUPER_5	10673160	L	60
SUPER_5	10673160	L	60
SUPER_5	10673160	L	60
SUPER_5	10673160	L	60
SUPER_5	10673160	L	60
SUPER_5	10673160	L	60
SUPER_5	10673160	L	60
SUPER_5	10673160	L	60
SUPER_5	10673160	L	60
SUPER_5	10673160	L	60
SUPER_5	10673160	L	60
SUPER_5	10673160	L	60
SUPER_5	10673160	L	60
SUPER_5	10673160	L	60
SUPER_5	10673160	L	60
SUPER_5	10673160	L	60
SUPER_5	10673160	L	60
SUPER_5	10673160	L	60
SUPER_5	10673160	L	60
SUPER_5	10673160	L	60
SUPER_5	10673160	L	60
SUPER_5	10673160	L	60
SUPER_5	10673160	L	60
SUPER_5	10673160	L	60
SUPER_5	10673160	L	60
SUPER_5	10673160	L	60
SUPER_5	10673160	L	60
SUPER_5	10673160	L	60
SUPER_5	10673160	L	60
SUPER_5	10673160	L	60
SUPER_5	10673160	L	60
SUPER_5	10673160	L	60
SUPER_5	10673160	L	60
SUPER_5	10673160	L	60
SUPER_5	10673160	L	60
SUPER_5	10673160	L	60
SUPER_5	10673160	L	60
SUPER_5	10673160	L	60
SUPER_5	10673160	L	60
SUPER_5	10673160	L	60
SUPER_5	10673160	L	60
SUPER_5	10673160	L	60
SUPER_5	10673160	L	60
SUPER_5	10673160	L	60
SUPER_5	10673160	L	60
SUPER_5	10673160	L	60
SUPER_5	10673160	L	60
SUPER_5	10673160	L	60
SUPER_5	10673160	L	60
SUPER_5	10673160	L	60
SUPER_5	10673160	L	60
SUPER_5	10673160	L	60
SUPER_5	10673160	L	60
SUPER_5	10673160	L	60
SUPER_5	10673160	L	60
SUPER_5	10673160	L	60
SUPER_5	10673160	L	60
SUPER_5	10673160	L	60
SUPER_5	10673160	L	60
SUPER_5	10673160	L	60
SUPER_5	10673160	L	60
SUPER_5	10673160	L	60
SUPER_5	10673160	L	60
SUPER_5	10673160	L	60
SUPER_5	10673160	L	60
SUPER_5	10673160	L	60
SUPER_5	10673160	L	60
SUPER_5	10673160	L	60
SUPER_5	10673160	L	60
SUPER_5	10673160	L	60
SUPER_5	10673160	L	60
SUPER_5	10673160	L	60
SUPER_5	10673160	L	60
SUPER_5	10673160	L	60
SUPER_5	10673160	L	60
SUPER_5	10673160	L	60
SUPER_5	10673160	L	60
SUPER_5	10673160	L	60
SUPER_5	10673160	L	60
SUPER_5	10673160	L	60
SUPER_5	10673160	L	60
SUPER_5	10673160	L	60
SUPER_5	10673160	L	60
SUPER_5	10673160	L	60
SUPER_5	10673160	L	60
SUPER_5	10673160	L	60
SUPER_5	10673160	L	60
SUPER_5	10673160	L	60
SUPER_5	10673160	L	60
SUPER_5	10673160	L	60
SUPER_5	10673160	L	60
SUPER_5	10673160	L	60
SUPER_5	10673160	L	60
SUPER_5	10673160	L	60
SUPER_5	10673160	L	60
SUPER_5	10673160	L	60
SUPER_5	10673160	L	60
SUPER_5	10673160	L	60
SUPER_5	10673160	L	60
SUPER_5	10673160	L	60
SUPER_5	10673160	L	60
SUPER_5	10673160	L	60
SUPER_5	10673160	L	60
SUPER_5	10673160	L	60
SUPER_5	10673160	L	60
SUPER_5	10673160	L	60
SUPER_5	10673160	L	60
SUPER_5	10673160	L	60
SUPER_5	10673160	L	60
SUPER_5	10673160	L	60
SUPER_5	10673160	L	60
SUPER_5	10673160	L	60
SUPER_5	10673160	L	60
SUPER_5	10673160	L	60
SUPER_5	10673160	L	60
SUPER_5	10673160	L	60
SUPER_5	10673160	L	60
SUPER_5	10673160	L	60
SUPER_5	10673160	L	60
SUPER_5	10673160	L	60
SUPER_5	10673160	L	60
SUPER_5	10673160	L	60
SUPER_5	10673160	L	60
SUPER_5	10673160	L	60
SUPER_5	10673160	L	60
SUPER_5	10673160	L	60
SUPER_5	10673160	L	60
SUPER_5	10673160	L	60
SUPER_5	10673160	L	60
SUPER_5	10673160	L	60
SUPER_5	10673160	L	60
SUPER_5	10673160	L	60
SUPER_5	10673160	L	60
SUPER_5	10673160	L	60
SUPER_5	10673160	L	60
SUPER_5	10673160	L	60
SUPER_5	10673160	L	60
SUPER_5	10673160	L	60
SUPER_5	10673160	L	60
SUPER_5	10673160	L	60
SUPER_5	10673160	L	60
SUPER_5	10673160	L	60
SUPER_5	10673160	L	60
SUPER_5	10673160	L	60
SUPER_5	10673160	L	60
SUPER_5	10673160	L	60
SUPER_5	10673160	L	60
SUPER_5	10673160	L	60
SUPER_5	10673160	L	60
SUPER_5	10673160	L	60
SUPER_5	10673160	L	60
SUPER_5	10673160	L	60
SUPER_5	10673160	L	60
SUPER_5	10673160	L	60
SUPER_5	10673160	L	60
SUPER_5	10673160	L	60
SUPER_5	10673160	L	60
SUPER_5	10673160	L	60
SUPER_5	10673160	L	60
SUPER_5	10673160	L	60
SUPER_5	10673160	L	60
SUPER_5	10673160	L	60
SUPER_5	10673160	L	60
SUPER_5	10673160	L	60
SUPER_5	10673160	L	60
SUPER_5	10673160	L	60
SUPER_5	10673160	L	60
SUPER_5	10673160	L	60
SUPER_5	10673160	L	60
SUPER_5	10673160	L	60
SUPER_5	10673160	L	60
SUPER_5	10673160	L	60
SUPER_5	10673160	L	60
SUPER_5	10673160	L	60
SUPER_5	10673160	L	60
SUPER_5	10673160	L	60
SUPER_5	10673160	L	60
SUPER_5	10673160	L	60
SUPER_5	10673160	L	60
SUPER_5	10673160	L	60
SUPER_5	10673160	L	60
SUPER_5	10673160	L	60
SUPER_5	10673160	L	60
SUPER_5	10673160	L	60
SUPER_5	10673160	L	60
SUPER_5	10673160	L	60
SUPER_5	10673161	L	60
SUPER_5	10673162	L	60
SUPER_5	10673162	L	60
SUPER_5	10673162	L	60
SUPER_5	10673162	L	60
SUPER_5	10673162	L	60
SUPER_5	10673162	L	60
SUPER_5	10673162	L	60
SUPER_5	10673163	L	60
SUPER_5	10673163	L	60
SUPER_5	10673163	L	60
SUPER_5	10673163	L	60
SUPER_5	10673165	L	60
SUPER_5	10673166	L	60
SUPER_5	10673168	L	60
SUPER_5	10673168	L	60
SUPER_5	10673171	L	60
SUPER_5	10673171	L	60
SUPER_5	10673171	L	60
SUPER_5	10677688	L	60
SUPER_5	16502174	R	60
SUPER_5	16502174	R	60
SUPER_5	16502174	R	60
SUPER_5	16502171	R	60
SUPER_5	16502174	R	60
SUPER_5	16502174	R	60
SUPER_5	16502174	R	60
SUPER_5	16502174	R	60
SUPER_5	16502174	R	60
SUPER_5	16502174	R	60
SUPER_5	16502174	R	60
SUPER_5	16502174	R	60
SUPER_5	16502174	R	60
SUPER_5	16502174	R	60
SUPER_5	16502167	R	60
SUPER_5	16502174	R	60
SUPER_5	16502166	R	60
SUPER_5	16502174	R	60
SUPER_5	16502174	R	60
SUPER_5	16502174	R	60
SUPER_5	16502174	R	60
SUPER_5	16502174	R	60
SUPER_5	16502174	R	60
SUPER_5	16502174	R	60
SUPER_5	16502174	R	60
SUPER_5	16502174	R	60
SUPER_5	16502174	R	60
SUPER_5	16502174	R	60
SUPER_5	16502174	R	60
SUPER_5	16502174	R	60
SUPER_5	16502174	R	60
SUPER_5	16502174	R	60
SUPER_5	16502174	R	60
SUPER_5	16502174	R	60
SUPER_5	16502174	R	60
SUPER_5	16502174	R	60
SUPER_5	16502174	R	60
SUPER_5	16502174	R	60
SUPER_5	16502174	R	60
SUPER_5	16502174	R	60
SUPER_5	16502174	R	60
SUPER_5	16502174	R	60
SUPER_5	16502174	R	60
SUPER_5	16502174	R	60
SUPER_5	16502174	R	60
SUPER_5	16502174	R	60
SUPER_5	16502174	R	60
SUPER_5	16502174	R	60
SUPER_5	16502174	R	60
SUPER_5	16502174	R	60
SUPER_5	16502174	R	60
SUPER_5	16502174	R	60
SUPER_5	16502174	R	60
SUPER_5	16502174	R	60
SUPER_5	16502174	R	60
SUPER_5	16502174	R	60
SUPER_5	16502174	R	60
SUPER_5	16502174	R	60
SUPER_5	16502174	R	60
SUPER_5	16502174	R	60
SUPER_5	16502172	R	60
SUPER_5	16502174	R	60
SUPER_5	16502174	R	60
SUPER_5	16502174	R	60
SUPER_5	16502174	R	60
SUPER_5	16502174	R	60
SUPER_5	16502174	R	60
SUPER_5	16502174	R	60
SUPER_5	16502174	R	60
SUPER_5	16502167	R	60
SUPER_5	16502174	R	60
SUPER_5	16502174	R	60
SUPER_5	16502174	R	60
SUPER_5	16502167	R	60
SUPER_5	16502174	R	60
SUPER_5	16502174	R	60
SUPER_5	16502174	R	60
SUPER_5	16502174	R	60
SUPER_5	16502174	R	60
SUPER_5	16502174	R	60
SUPER_5	16502174	R	60
SUPER_5	16502174	R	60
SUPER_5	16502174	R	60
SUPER_5	16502174	R	60
SUPER_5	16502174	R	60
SUPER_5	16502174	R	60
SUPER_5	16502174	R	60
SUPER_5	16502174	R	60
SUPER_5	16502174	R	60
SUPER_5	16502174	R	60
SUPER_5	16502174	R	60
SUPER_5	16502174	R	60
SUPER_5	16502172	R	60
SUPER_5	16502174	R	60
SUPER_5	16502174	R	60
SUPER_5	16502174	R	60
SUPER_5	16502174	R	60
SUPER_5	16502174	R	60
SUPER_5	16502174	R	60
SUPER_5	16502174	R	60
SUPER_5	16502174	R	60
SUPER_5	16502174	R	60
SUPER_5	16502174	R	60
SUPER_5	16502174	R	60
SUPER_5	16502174	R	60
SUPER_5	16502174	R	60
SUPER_5	16502174	R	60
SUPER_5	16502174	R	60
SUPER_5	16502174	R	60
SUPER_5	16502174	R	60
SUPER_5	16502174	R	60
SUPER_5	16502174	R	60
SUPER_5	16502171	R	60
SUPER_5	16502174	R	60
SUPER_5	16502174	R	60
SUPER_5	16502174	R	60
SUPER_5	16502174	R	60
SUPER_5	16502174	R	60
SUPER_5	16502174	R	60
SUPER_5	16502174	R	60
SUPER_5	16502174	R	60
SUPER_5	16502174	R	60
SUPER_5	16502174	R	60
SUPER_5	16502174	R	60
SUPER_5	16502174	R	60
SUPER_5	16502174	R	60
SUPER_5	16502174	R	60
SUPER_5	16502174	R	60
SUPER_5	16502174	R	60
SUPER_5	16502174	R	60
SUPER_5	16502174	R	60
SUPER_5	16502174	R	60
SUPER_5	16502174	R	60
SUPER_5	16502174	R	60
SUPER_5	16502174	R	60
SUPER_5	16502174	R	60
SUPER_5	16502174	R	60
SUPER_5	16502174	R	60
SUPER_5	16502174	R	60
SUPER_5	16502174	R	60
SUPER_5	16502174	R	60
SUPER_5	16502174	R	60
SUPER_5	16502174	R	60
SUPER_5	16502174	R	60
SUPER_5	16502168	R	60
SUPER_5	16502174	R	60
SUPER_5	16502174	R	60
SUPER_5	16502174	R	60
SUPER_5	16502174	R	60
SUPER_5	16502174	R	60
SUPER_5	16502174	R	60
SUPER_5	16502174	R	60
SUPER_5	16502174	R	60
SUPER_5	16502174	R	60
SUPER_5	16502172	R	60
SUPER_5	16502174	R	60
SUPER_5	16502174	R	60
SUPER_5	16502174	R	60
SUPER_5	16502174	R	60
SUPER_5	16502174	R	60
SUPER_5	16502174	R	60
SUPER_5	16502174	R	60
SUPER_5	16502174	R	60
SUPER_5	16502174	R	60
SUPER_5	16502174	R	60
SUPER_5	16502174	R	60
SUPER_5	16502174	R	60
SUPER_5	16502174	R	60
SUPER_5	16502174	R	60
SUPER_5	16502174	R	60
SUPER_5	16502174	R	60
SUPER_5	16502174	R	60
SUPER_5	16502174	R	60
SUPER_5	16502174	R	60
SUPER_5	16502174	R	60
SUPER_5	16502174	R	60
SUPER_5	16502174	R	60
SUPER_5	16502174	R	60
SUPER_5	16502174	R	60
SUPER_5	16502174	R	60
SUPER_5	16502174	R	60
SUPER_5	16502174	R	60
SUPER_5	16502174	R	60
SUPER_5	16502174	R	60
SUPER_5	16502174	R	60
SUPER_5	16502174	R	60
SUPER_5	16502174	R	60
SUPER_5	16502174	R	60
SUPER_5	16502174	R	60
SUPER_5	16502174	R	60
SUPER_5	16502174	R	60
SUPER_5	16502174	R	60
SUPER_5	16502174	R	60
SUPER_5	16502174	R	60
SUPER_5	16502174	R	60
SUPER_5	16502174	R	60
SUPER_5	16502174	R	60
SUPER_5	16502172	R	60
SUPER_5	16502174	R	60
SUPER_5	16502174	R	60
SUPER_5	16502174	R	60
SUPER_5	16502174	R	60
SUPER_5	16502174	R	60
SUPER_5	16502174	R	60
SUPER_5	16502174	R	60
SUPER_5	16502174	R	60
SUPER_5	16502174	R	60
SUPER_5	16502174	R	60
SUPER_5	16502174	R	60
SUPER_5	16502174	R	60
SUPER_5	16502174	R	60
SUPER_5	16502174	R	60
SUPER_5	16502174	R	60
SUPER_5	16502174	R	60
SUPER_5	16502174	R	60
SUPER_5	16502174	R	60
SUPER_5	16502174	R	60
SUPER_5	16502174	R	60
SUPER_5	16502174	R	60
SUPER_5	16502174	R	60
SUPER_5	16502174	R	60
SUPER_5	16502174	R	60
SUPER_5	16502174	R	60
SUPER_5	16502174	R	60
SUPER_5	16502174	R	60
SUPER_5	16502174	R	60
SUPER_5	16502174	R	60
SUPER_5	16502174	R	60
SUPER_5	16502176	L	43
SUPER_5	20694018	R	14
SUPER_5	20785507	R	1
SUPER_5	20785507	R	1
SUPER_5	20813117	L	1
SUPER_5	21001140	R	1
SUPER_5	21019671	R	1
SUPER_5	21019671	R	1
SUPER_5	21037149	R	1
SUPER_5	21192930	R	1
SUPER_5	21192930	R	1
SUPER_5	21606295	L	1
SUPER_6	670674	L	1
SUPER_6	760517	L	1
SUPER_6	760517	L	1
SUPER_6	760517	L	1
SUPER_6	760517	L	1
SUPER_6	760517	L	1
SUPER_6	4740346	R	0
SUPER_6	4740351	R	0
SUPER_6	4740351	R	0
SUPER_6	4740945	L	60
SUPER_6	4740948	L	15
SUPER_6	4740948	L	60
SUPER_6	4740948	L	60
SUPER_6	4740948	L	60
SUPER_6	4740948	L	60
SUPER_6	4740948	L	60
SUPER_6	4740948	L	17
SUPER_6	4740948	L	60
SUPER_6	4740948	L	60
SUPER_6	4740948	L	60
SUPER_6	4740948	L	15
SUPER_6	4740948	L	1
SUPER_6	4740948	L	60
SUPER_6	4740948	L	60
SUPER_6	4740948	L	60
SUPER_6	4740948	L	2
SUPER_6	4740948	L	60
SUPER_6	4740948	L	14
SUPER_6	4740948	L	60
SUPER_6	4740948	L	60
SUPER_6	4740948	L	60
SUPER_6	4740948	L	60
SUPER_6	4740948	L	60
SUPER_6	4740948	L	60
SUPER_6	4740948	L	60
SUPER_6	4740948	L	60
SUPER_6	4740948	L	21
SUPER_6	4740948	L	60
SUPER_6	4740948	L	60
SUPER_6	4740948	L	60
SUPER_6	4740948	L	7
SUPER_6	4740948	L	60
SUPER_6	4740948	L	60
SUPER_6	4740948	L	60
SUPER_6	4740948	L	60
SUPER_6	4740948	L	60
SUPER_6	4740948	L	60
SUPER_6	4740948	L	60
SUPER_6	4740948	L	60
SUPER_6	4740948	L	60
SUPER_6	4740948	L	60
SUPER_6	4740948	L	60
SUPER_6	4740948	L	60
SUPER_6	4740948	L	60
SUPER_6	4740948	L	15
SUPER_6	4740948	L	60
SUPER_6	4740948	L	60
SUPER_6	4740948	L	10
SUPER_6	4740948	L	60
SUPER_6	4740948	L	14
SUPER_6	4740948	L	60
SUPER_6	4740948	L	60
SUPER_6	4740948	L	60
SUPER_6	4740948	L	60
SUPER_6	4740948	L	60
SUPER_6	4740948	L	17
SUPER_6	4740948	L	60
SUPER_6	4740948	L	60
SUPER_6	4740948	L	60
SUPER_6	4740948	L	60
SUPER_6	4740948	L	17
SUPER_6	4740948	L	60
SUPER_6	4740948	L	60
SUPER_6	4740948	L	60
SUPER_6	4740948	L	60
SUPER_6	4740948	L	15
SUPER_6	4740948	L	60
SUPER_6	4740948	L	60
SUPER_6	4740948	L	60
SUPER_6	4740948	L	60
SUPER_6	4740948	L	60
SUPER_6	4740948	L	60
SUPER_6	4740948	L	60
SUPER_6	4740948	L	12
SUPER_6	4740948	L	60
SUPER_6	4740948	L	60
SUPER_6	4740948	L	60
SUPER_6	4740948	L	60
SUPER_6	4740948	L	60
SUPER_6	4740948	L	60
SUPER_6	4740948	L	60
SUPER_6	4740948	L	60
SUPER_6	4740948	L	12
SUPER_6	4740948	L	60
SUPER_6	4740948	L	60
SUPER_6	4740948	L	60
SUPER_6	4740948	L	15
SUPER_6	4740948	L	7
SUPER_6	4740948	L	60
SUPER_6	4740948	L	60
SUPER_6	4740948	L	60
SUPER_6	4740948	L	60
SUPER_6	4740948	L	60
SUPER_6	4740948	L	60
SUPER_6	4740948	L	60
SUPER_6	4740948	L	60
SUPER_6	4740948	L	60
SUPER_6	4740948	L	60
SUPER_6	4740948	L	60
SUPER_6	4740948	L	60
SUPER_6	4740948	L	1
SUPER_6	4740948	L	60
SUPER_6	4740948	L	60
SUPER_6	4740948	L	60
SUPER_6	4740948	L	60
SUPER_6	4740948	L	60
SUPER_6	4740948	L	60
SUPER_6	4740948	L	60
SUPER_6	4740948	L	60
SUPER_6	4740948	L	60
SUPER_6	4740948	L	1
SUPER_6	4740948	L	13
SUPER_6	4740948	L	60
SUPER_6	4740948	L	60
SUPER_6	4740948	L	60
SUPER_6	4740948	L	60
SUPER_6	4740948	L	60
SUPER_6	4740948	L	60
SUPER_6	4740948	L	60
SUPER_6	4740948	L	1
SUPER_6	4740948	L	60
SUPER_6	4740948	L	60
SUPER_6	4740948	L	1
SUPER_6	4740948	L	60
SUPER_6	4740948	L	60
SUPER_6	4740948	L	60
SUPER_6	4740948	L	60
SUPER_6	4740948	L	16
SUPER_6	4740948	L	6
SUPER_6	4740948	L	60
SUPER_6	4740948	L	60
SUPER_6	4740948	L	60
SUPER_6	4740948	L	60
SUPER_6	4740948	L	60
SUPER_6	4740948	L	60
SUPER_6	4740948	L	60
SUPER_6	4740948	L	60
SUPER_6	4740948	L	60
SUPER_6	4740948	L	10
SUPER_6	4740948	L	8
SUPER_6	4740948	L	60
SUPER_6	4740948	L	7
SUPER_6	4740948	L	60
SUPER_6	4740948	L	60
SUPER_6	4740948	L	60
SUPER_6	4740948	L	60
SUPER_6	4740948	L	60
SUPER_6	4740948	L	60
SUPER_6	4740948	L	60
SUPER_6	4740948	L	60
SUPER_6	4740948	L	60
SUPER_6	4740948	L	60
SUPER_6	4740948	L	14
SUPER_6	4740948	L	60
SUPER_6	4740948	L	60
SUPER_6	4740948	L	60
SUPER_6	4740948	L	0
SUPER_6	4740948	L	60
SUPER_6	4740948	L	60
SUPER_6	4740948	L	60
SUPER_6	4740948	L	60
SUPER_6	4740948	L	60
SUPER_6	4740948	L	60
SUPER_6	4740948	L	17
SUPER_6	4740948	L	60
SUPER_6	4740948	L	60
SUPER_6	4740948	L	60
SUPER_6	4740948	L	60
SUPER_6	4740948	L	15
SUPER_6	4740948	L	60
SUPER_6	4740948	L	60
SUPER_6	4740948	L	60
SUPER_6	4740948	L	55
SUPER_6	4740948	L	60
SUPER_6	4740948	L	60
SUPER_6	4740948	L	60
SUPER_6	4740948	L	60
SUPER_6	4740948	L	60
SUPER_6	4740948	L	60
SUPER_6	4740948	L	60
SUPER_6	4740948	L	60
SUPER_6	4740948	L	6
SUPER_6	4740948	L	60
SUPER_6	4740948	L	60
SUPER_6	4740948	L	60
SUPER_6	4740948	L	60
SUPER_6	4740948	L	60
SUPER_6	4740948	L	60
SUPER_6	4740948	L	60
SUPER_6	4740948	L	60
SUPER_6	4740948	L	60
SUPER_6	4740948	L	60
SUPER_6	4740948	L	60
SUPER_6	4740948	L	6
SUPER_6	4740948	L	60
SUPER_6	4740948	L	60
SUPER_6	4740948	L	60
SUPER_6	4740948	L	60
SUPER_6	4740948	L	60
SUPER_6	4740948	L	60
SUPER_6	4740948	L	60
SUPER_6	4740948	L	60
SUPER_6	4740948	L	60
SUPER_6	4740948	L	60
SUPER_6	4740948	L	15
SUPER_6	4740948	L	60
SUPER_6	4740948	L	17
SUPER_6	4740948	L	12
SUPER_6	4740948	L	0
SUPER_6	4740948	L	60
SUPER_6	4740948	L	60
SUPER_6	4740948	L	14
SUPER_6	4740948	L	60
SUPER_6	4740948	L	60
SUPER_6	4740948	L	60
SUPER_6	4740948	L	60
SUPER_6	4740948	L	60
SUPER_6	4740948	L	60
SUPER_6	4740948	L	60
SUPER_6	4740948	L	60
SUPER_6	4740948	L	60
SUPER_6	4740948	L	60
SUPER_6	4740948	L	60
SUPER_6	4740948	L	60
SUPER_6	4740948	L	60
SUPER_6	4740948	L	60
SUPER_6	4740948	L	60
SUPER_6	4740948	L	60
SUPER_6	4740948	L	60
SUPER_6	4740948	L	60
SUPER_6	4740948	L	60
SUPER_6	4740948	L	12
SUPER_6	4740948	L	11
SUPER_6	4740948	L	60
SUPER_6	4740948	L	60
SUPER_6	4740948	L	60
SUPER_6	4740948	L	60
SUPER_6	4740948	L	60
SUPER_6	4740948	L	15
SUPER_6	4740948	L	60
SUPER_6	4740948	L	60
SUPER_6	4740948	L	60
SUPER_6	4740948	L	60
SUPER_6	4740948	L	60
SUPER_6	4740948	L	60
SUPER_6	4740948	L	13
SUPER_6	4740948	L	60
SUPER_6	4740948	L	60
SUPER_6	4740948	L	7
SUPER_6	4740948	L	6
SUPER_6	4740948	L	60
SUPER_6	4740948	L	60
SUPER_6	4740948	L	60
SUPER_6	4740948	L	60
SUPER_6	4740948	L	60
SUPER_6	4740948	L	60
SUPER_6	4740948	L	60
SUPER_6	4740948	L	16
SUPER_6	4740948	L	60
SUPER_6	4740948	L	12
SUPER_6	4740948	L	60
SUPER_6	4740948	L	60
SUPER_6	4740948	L	60
SUPER_6	4740948	L	60
SUPER_6	4740948	L	60
SUPER_6	4740948	L	60
SUPER_6	4740948	L	60
SUPER_6	4740948	L	60
SUPER_6	4740948	L	60
SUPER_6	4740948	L	13
SUPER_6	4740948	L	60
SUPER_6	4740948	L	60
SUPER_6	4740948	L	60
SUPER_6	4740948	L	9
SUPER_6	4740948	L	60
SUPER_6	4740948	L	60
SUPER_6	4740948	L	60
SUPER_6	4740948	L	60
SUPER_6	4740948	L	60
SUPER_6	4740948	L	60
SUPER_6	4740948	L	60
SUPER_6	4740948	L	60
SUPER_6	4740948	L	7
SUPER_6	4740948	L	60
SUPER_6	4740948	L	60
SUPER_6	4740948	L	60
SUPER_6	4740948	L	60
SUPER_6	4740948	L	60
SUPER_6	4740948	L	60
SUPER_6	4740948	L	60
SUPER_6	4740948	L	60
SUPER_6	4740948	L	60
SUPER_6	4740948	L	60
SUPER_6	4740948	L	60
SUPER_6	4740948	L	42
SUPER_6	4740948	L	60
SUPER_6	4740948	L	7
SUPER_6	4740948	L	60
SUPER_6	4740948	L	60
SUPER_6	4740948	L	14
SUPER_6	4740948	L	60
SUPER_6	4740948	L	60
SUPER_6	4740948	L	7
SUPER_6	4740948	L	60
SUPER_6	4740948	L	60
SUPER_6	4740948	L	47
SUPER_6	4740948	L	60
SUPER_6	4740948	L	60
SUPER_6	4740948	L	60
SUPER_6	4740948	L	60
SUPER_6	4740948	L	60
SUPER_6	4740948	L	60
SUPER_6	4740948	L	17
SUPER_6	4740948	L	60
SUPER_6	4740948	L	60
SUPER_6	4740948	L	14
SUPER_6	4740948	L	60
SUPER_6	4740948	L	60
SUPER_6	4740948	L	60
SUPER_6	4740950	L	60
SUPER_6	4740950	L	60
SUPER_6	4740950	L	60
SUPER_6	4740950	L	60
SUPER_6	4740950	L	60
SUPER_6	4740951	L	60
SUPER_6	4740951	L	60
SUPER_6	4740951	L	60
SUPER_6	4740953	L	60
SUPER_6	4740954	L	16
SUPER_6	4740954	L	60
SUPER_6	4740954	L	60
SUPER_6	4740954	L	60
SUPER_6	4740954	L	1
SUPER_6	4740954	L	60
SUPER_6	4740960	L	60
SUPER_6	7193214	R	60
SUPER_6	8996570	R	60
SUPER_6	8996570	R	60
SUPER_6	8996570	R	60
SUPER_6	8996570	R	60
SUPER_6	8996570	R	60
SUPER_6	8996570	R	60
SUPER_6	8996570	R	60
SUPER_6	8996570	R	60
SUPER_6	8996570	R	60
SUPER_6	8996570	R	60
SUPER_6	8996570	R	60
SUPER_6	8996571	R	60
SUPER_6	8996563	R	60
SUPER_6	8996570	R	60
SUPER_6	8996567	R	60
SUPER_6	8996570	R	60
SUPER_6	8996570	R	60
SUPER_6	8996570	R	60
SUPER_6	8996570	R	60
SUPER_6	8996570	R	60
SUPER_6	8996570	R	60
SUPER_6	8996570	R	60
SUPER_6	8996570	R	60
SUPER_6	8996570	R	60
SUPER_6	8996570	R	60
SUPER_6	8996570	R	60
SUPER_6	8996570	R	60
SUPER_6	8996570	R	60
SUPER_6	8996570	R	60
SUPER_6	8996563	R	60
SUPER_6	8996570	R	60
SUPER_6	8996563	R	60
SUPER_6	8996570	R	60
SUPER_6	8996570	R	60
SUPER_6	8996566	R	60
SUPER_6	8996569	R	60
SUPER_6	8996570	R	60
SUPER_6	8996567	R	60
SUPER_6	8996570	R	60
SUPER_6	8996570	R	60
SUPER_6	8996570	R	60
SUPER_6	8996563	R	60
SUPER_6	8996570	R	60
SUPER_6	8996570	R	60
SUPER_6	8996570	R	60
SUPER_6	8996570	R	60
SUPER_6	8996570	R	60
SUPER_6	8996570	R	60
SUPER_6	8996570	R	60
SUPER_6	8996566	R	60
SUPER_6	8996570	R	60
SUPER_6	8996570	R	60
SUPER_6	8996570	R	60
SUPER_6	8996570	R	60
SUPER_6	8996570	R	60
SUPER_6	8996570	R	60
SUPER_6	8996570	R	60
SUPER_6	8996570	R	60
SUPER_6	8996570	R	60
SUPER_6	8996570	R	60
SUPER_6	8996570	R	60
SUPER_6	8996570	R	60
SUPER_6	8996570	R	60
SUPER_6	8996570	R	60
SUPER_6	8996564	R	60
SUPER_6	8996570	R	60
SUPER_6	8996570	R	60
SUPER_6	8996570	R	60
SUPER_6	8996570	R	60
SUPER_6	8996570	R	60
SUPER_6	8996570	R	60
SUPER_6	8996567	R	60
SUPER_6	8996570	R	60
SUPER_6	8996570	R	60
SUPER_6	8996570	R	60
SUPER_6	8996570	R	60
SUPER_6	8996570	R	60
SUPER_6	8996564	R	60
SUPER_6	8996570	R	60
SUPER_6	8996573	R	60
SUPER_6	8996570	R	60
SUPER_6	8996570	R	60
SUPER_6	8996563	R	60
SUPER_6	8996570	R	60
SUPER_6	8996570	R	60
SUPER_6	8996570	R	60
SUPER_6	8996570	R	60
SUPER_6	8996570	R	60
SUPER_6	8996570	R	60
SUPER_6	8996570	R	60
SUPER_6	8996562	R	60
SUPER_6	8996570	R	60
SUPER_6	8996570	R	60
SUPER_6	8996570	R	60
SUPER_6	8996570	R	60
SUPER_6	8996570	R	60
SUPER_6	8996570	R	60
SUPER_6	8996570	R	60
SUPER_6	8996570	R	60
SUPER_6	8996570	R	60
SUPER_6	8996570	R	60
SUPER_6	8996570	R	60
SUPER_6	8996570	R	60
SUPER_6	8996570	R	60
SUPER_6	8996564	R	60
SUPER_6	8996570	R	60
SUPER_6	8996570	R	60
SUPER_6	8996570	R	60
SUPER_6	8996570	R	60
SUPER_6	8996560	R	60
SUPER_6	8996570	R	60
SUPER_6	8996570	R	60
SUPER_6	8996570	R	60
SUPER_6	8996570	R	60
SUPER_6	8996570	R	60
SUPER_6	8996570	R	60
SUPER_6	8996562	R	60
SUPER_6	8996570	R	60
SUPER_6	8996570	R	60
SUPER_6	8996570	R	60
SUPER_6	8996570	R	60
SUPER_6	8996570	R	60
SUPER_6	8996570	R	60
SUPER_6	8996570	R	60
SUPER_6	8996570	R	60
SUPER_6	8996570	R	60
SUPER_6	8996570	R	60
SUPER_6	8996570	R	60
SUPER_6	8996570	R	60
SUPER_6	8996570	R	60
SUPER_6	8996570	R	60
SUPER_6	8996570	R	60
SUPER_6	8996570	R	60
SUPER_6	8996570	R	60
SUPER_6	8996570	R	60
SUPER_6	8996570	R	60
SUPER_6	8996570	R	60
SUPER_6	8996564	R	60
SUPER_6	8996570	R	60
SUPER_6	8996570	R	60
SUPER_6	8996570	R	60
SUPER_6	8996570	R	60
SUPER_6	8996570	R	60
SUPER_6	8996570	R	60
SUPER_6	8996570	R	60
SUPER_6	8996567	R	60
SUPER_6	8996570	R	60
SUPER_6	8996570	R	60
SUPER_6	8996570	R	60
SUPER_6	8996570	R	60
SUPER_6	8996570	R	60
SUPER_6	8996570	R	60
SUPER_6	8996570	R	60
SUPER_6	8996570	R	60
SUPER_6	8996570	R	60
SUPER_6	8996570	R	60
SUPER_6	8996570	R	60
SUPER_6	8996570	R	60
SUPER_6	8996570	R	60
SUPER_6	8996570	R	60
SUPER_6	8996570	R	60
SUPER_6	8996570	R	60
SUPER_6	8996570	R	60
SUPER_6	8996570	R	60
SUPER_6	8996570	R	60
SUPER_6	8996563	R	60
SUPER_6	8996570	R	60
SUPER_6	8996541	R	60
SUPER_6	8996570	R	60
SUPER_6	8996570	R	60
SUPER_6	8996570	R	60
SUPER_6	8996570	R	60
SUPER_6	8996570	R	60
SUPER_6	8996570	R	60
SUPER_6	8996570	R	60
SUPER_6	8996570	R	60
SUPER_6	8996570	R	60
SUPER_6	8996570	R	60
SUPER_6	8996570	R	60
SUPER_6	8996570	R	60
SUPER_6	8996570	R	60
SUPER_6	8996570	R	60
SUPER_6	8996570	R	60
SUPER_6	8996570	R	60
SUPER_6	8996570	R	60
SUPER_6	8996570	R	60
SUPER_6	8996570	R	60
SUPER_6	8996570	R	60
SUPER_6	8996570	R	60
SUPER_6	8996570	R	60
SUPER_6	8996563	R	60
SUPER_6	8996567	R	60
SUPER_6	8996570	R	60
SUPER_6	8996570	R	60
SUPER_6	8996570	R	60
SUPER_6	8996570	R	60
SUPER_6	8996570	R	60
SUPER_6	8996570	R	60
SUPER_6	8996570	R	60
SUPER_6	8992472	R	60
SUPER_6	8996570	R	60
SUPER_6	8996570	R	60
SUPER_6	8996563	R	60
SUPER_6	8996570	R	60
SUPER_6	8996570	R	60
SUPER_6	8996570	R	60
SUPER_6	8996570	R	60
SUPER_6	8996570	R	60
SUPER_6	8996570	R	60
SUPER_6	8996570	R	60
SUPER_6	8996570	R	60
SUPER_6	8996570	R	60
SUPER_6	8996570	R	60
SUPER_6	8996570	R	60
SUPER_6	8996570	R	60
SUPER_6	8996570	R	60
SUPER_6	8996570	R	60
SUPER_6	8996570	R	60
SUPER_6	8996570	R	60
SUPER_6	8996570	R	60
SUPER_6	8996570	R	60
SUPER_6	8996570	R	60
SUPER_6	8996567	R	60
SUPER_6	8996570	R	60
SUPER_6	8996570	R	60
SUPER_6	8996570	R	60
SUPER_6	8996567	R	60
SUPER_6	8996570	R	60
SUPER_6	8996570	R	60
SUPER_6	8996570	R	60
SUPER_6	8996570	R	60
SUPER_6	8996570	R	60
SUPER_6	8996570	R	60
SUPER_6	8996570	R	60
SUPER_6	8996570	R	60
SUPER_6	8996570	R	60
SUPER_6	8996570	R	60
SUPER_6	8996570	R	60
SUPER_6	8996570	R	60
SUPER_6	8996570	R	60
SUPER_6	8996570	R	60
SUPER_6	8996570	R	60
SUPER_6	8996570	R	60
SUPER_6	8996570	R	60
SUPER_6	8996570	R	60
SUPER_6	8996570	R	60
SUPER_6	8996570	R	60
SUPER_6	8996570	R	60
SUPER_6	8996570	R	60
SUPER_6	8996570	R	60
SUPER_6	8996570	R	60
SUPER_6	8996570	R	60
SUPER_6	8996570	R	60
SUPER_6	8996570	R	60
SUPER_6	8996570	R	60
SUPER_6	8996570	R	60
SUPER_6	8996570	R	60
SUPER_6	8996570	R	60
SUPER_6	8996570	R	60
SUPER_6	8996570	R	60
SUPER_6	8996570	R	60
SUPER_6	8996570	R	60
SUPER_6	8996570	R	60
SUPER_6	8996570	R	60
SUPER_6	8996570	R	60
SUPER_6	8996570	R	60
SUPER_6	8996570	R	60
SUPER_6	8996570	R	60
SUPER_6	8996570	R	60
SUPER_6	8996570	R	60
SUPER_6	8996570	R	60
SUPER_6	8996570	R	60
SUPER_6	8996570	R	60
SUPER_6	8996570	R	60
SUPER_6	8996570	R	60
SUPER_6	8996570	R	60
SUPER_6	8996570	R	60
SUPER_6	8996570	R	60
SUPER_6	8996570	R	60
SUPER_6	8996570	R	60
SUPER_6	8996570	R	60
SUPER_6	8996570	R	60
SUPER_6	8996570	R	60
SUPER_6	8996570	R	60
SUPER_6	8996570	R	60
SUPER_6	8996570	R	60
SUPER_6	8996570	R	60
SUPER_6	8996570	R	60
SUPER_6	8996570	R	60
SUPER_6	8996570	R	60
SUPER_6	8996563	R	60
SUPER_6	8996570	R	60
SUPER_6	8996570	R	60
SUPER_6	8996570	R	60
SUPER_6	8996570	R	60
SUPER_6	8996570	R	60
SUPER_6	8996570	R	60
SUPER_6	8996570	R	60
SUPER_6	8996570	R	60
SUPER_6	8996570	R	60
SUPER_6	8996570	R	60
SUPER_6	8996570	R	60
SUPER_6	8996570	R	60
SUPER_6	8996570	R	60
SUPER_6	8996570	R	60
SUPER_6	8996570	R	60
SUPER_6	8996570	R	60
SUPER_6	8996570	R	60
SUPER_6	8996570	R	60
SUPER_6	8996570	R	60
SUPER_6	8996570	R	60
SUPER_6	8996570	R	60
SUPER_6	8996570	R	60
SUPER_6	8996570	R	60
SUPER_6	8996570	R	60
SUPER_6	8996570	R	60
SUPER_6	8996570	R	60
SUPER_6	8996570	R	60
SUPER_6	8996570	R	60
SUPER_6	8996570	R	60
SUPER_6	8996570	R	60
SUPER_6	8996570	R	60
SUPER_6	8996570	R	60
SUPER_6	8996570	R	60
SUPER_6	8996570	R	60
SUPER_6	8996570	R	60
SUPER_6	8996570	R	60
SUPER_6	8996570	R	60
SUPER_6	8996570	R	60
SUPER_6	8996570	R	60
SUPER_6	8996570	R	60
SUPER_6	8996570	R	60
SUPER_6	8996570	R	60
SUPER_6	8996570	R	60
SUPER_6	8996570	R	60
SUPER_6	8996570	R	60
SUPER_6	8996570	R	60
SUPER_6	8996570	R	60
SUPER_6	8996572	L	60
SUPER_6	11483124	R	60
SUPER_6	11483123	L	60
SUPER_6	11483123	L	60
SUPER_6	11483123	L	60
SUPER_6	11483123	L	60
SUPER_6	11483123	L	60
SUPER_6	11483123	L	60
SUPER_6	11483127	L	60
SUPER_6	11483127	L	60
SUPER_6	11483127	L	60
SUPER_6	11483127	L	60
SUPER_6	11483127	L	60
SUPER_6	11483127	L	60
SUPER_6	11483127	L	60
SUPER_6	11483127	L	60
SUPER_6	11483127	L	60
SUPER_6	11483127	L	60
SUPER_6	11483127	L	60
SUPER_6	11483127	L	60
SUPER_6	11483127	L	60
SUPER_6	11483127	L	60
SUPER_6	11483127	L	60
SUPER_6	11483127	L	60
SUPER_6	11483127	L	60
SUPER_6	11483127	L	60
SUPER_6	11483127	L	60
SUPER_6	11483127	L	60
SUPER_6	11483127	L	60
SUPER_6	11483127	L	60
SUPER_6	11483127	L	60
SUPER_6	11483127	L	60
SUPER_6	11483127	L	60
SUPER_6	11483127	L	60
SUPER_6	11483127	L	60
SUPER_6	11483127	L	60
SUPER_6	11483127	L	60
SUPER_6	11483127	L	60
SUPER_6	11483127	L	60
SUPER_6	11483127	L	60
SUPER_6	11483127	L	60
SUPER_6	11483127	L	60
SUPER_6	11483127	L	60
SUPER_6	11483127	L	60
SUPER_6	11483127	L	60
SUPER_6	11483127	L	60
SUPER_6	11483127	L	60
SUPER_6	11483127	L	60
SUPER_6	11483127	L	60
SUPER_6	11483127	L	60
SUPER_6	11483127	L	60
SUPER_6	11483127	L	60
SUPER_6	11483127	L	60
SUPER_6	11483127	L	60
SUPER_6	11483127	L	60
SUPER_6	11483127	L	60
SUPER_6	11483127	L	60
SUPER_6	11483127	L	60
SUPER_6	11483127	L	60
SUPER_6	11483127	L	60
SUPER_6	11483127	L	60
SUPER_6	11483127	L	60
SUPER_6	11483127	L	60
SUPER_6	11483127	L	60
SUPER_6	11483127	L	60
SUPER_6	11483127	L	60
SUPER_6	11483127	L	60
SUPER_6	11483127	L	60
SUPER_6	11483127	L	60
SUPER_6	11483127	L	60
SUPER_6	11483127	L	60
SUPER_6	11483127	L	60
SUPER_6	11483127	L	60
SUPER_6	11483127	L	60
SUPER_6	11483127	L	60
SUPER_6	11483127	L	60
SUPER_6	11483127	L	60
SUPER_6	11483127	L	60
SUPER_6	11483127	L	60
SUPER_6	11483127	L	60
SUPER_6	11483127	L	60
SUPER_6	11483127	L	60
SUPER_6	11483127	L	60
SUPER_6	11483127	L	60
SUPER_6	11483127	L	60
SUPER_6	11483127	L	60
SUPER_6	11483127	L	60
SUPER_6	11483127	L	60
SUPER_6	11483127	L	60
SUPER_6	11483127	L	60
SUPER_6	11483127	L	60
SUPER_6	11483127	L	60
SUPER_6	11483127	L	60
SUPER_6	11483127	L	60
SUPER_6	11483127	L	60
SUPER_6	11483127	L	60
SUPER_6	11483127	L	60
SUPER_6	11483127	L	60
SUPER_6	11483127	L	60
SUPER_6	11483127	L	60
SUPER_6	11483127	L	60
SUPER_6	11483127	L	60
SUPER_6	11483127	L	60
SUPER_6	11483127	L	60
SUPER_6	11483127	L	60
SUPER_6	11483127	L	60
SUPER_6	11483127	L	60
SUPER_6	11483127	L	60
SUPER_6	11483127	L	60
SUPER_6	11483127	L	60
SUPER_6	11483127	L	60
SUPER_6	11483127	L	60
SUPER_6	11483127	L	60
SUPER_6	11483127	L	60
SUPER_6	11483127	L	60
SUPER_6	11483127	L	60
SUPER_6	11483127	L	60
SUPER_6	11483127	L	60
SUPER_6	11483127	L	60
SUPER_6	11483127	L	60
SUPER_6	11483127	L	60
SUPER_6	11483127	L	60
SUPER_6	11483127	L	60
SUPER_6	11483127	L	60
SUPER_6	11483127	L	60
SUPER_6	11483127	L	60
SUPER_6	11483127	L	60
SUPER_6	11483127	L	60
SUPER_6	11483127	L	60
SUPER_6	11483127	L	60
SUPER_6	11483127	L	60
SUPER_6	11483127	L	60
SUPER_6	11483127	L	60
SUPER_6	11483127	L	60
SUPER_6	11483127	L	60
SUPER_6	11483127	L	60
SUPER_6	11483127	L	60
SUPER_6	11483127	L	60
SUPER_6	11483127	L	60
SUPER_6	11483127	L	60
SUPER_6	11483127	L	60
SUPER_6	11483127	L	60
SUPER_6	11483127	L	60
SUPER_6	11483127	L	60
SUPER_6	11483127	L	60
SUPER_6	11483127	L	60
SUPER_6	11483127	L	60
SUPER_6	11483127	L	60
SUPER_6	11483127	L	60
SUPER_6	11483127	L	60
SUPER_6	11483127	L	60
SUPER_6	11483127	L	60
SUPER_6	11483127	L	60
SUPER_6	11483127	L	60
SUPER_6	11483127	L	60
SUPER_6	11483127	L	60
SUPER_6	11483127	L	60
SUPER_6	11483127	L	60
SUPER_6	11483127	L	60
SUPER_6	11483127	L	60
SUPER_6	11483127	L	60
SUPER_6	11483127	L	60
SUPER_6	11483127	L	60
SUPER_6	11483127	L	60
SUPER_6	11483127	L	60
SUPER_6	11483127	L	60
SUPER_6	11483127	L	60
SUPER_6	11483127	L	60
SUPER_6	11483127	L	60
SUPER_6	11483127	L	60
SUPER_6	11483127	L	60
SUPER_6	11483127	L	60
SUPER_6	11483127	L	60
SUPER_6	11483127	L	60
SUPER_6	11483127	L	60
SUPER_6	11483127	L	60
SUPER_6	11483127	L	60
SUPER_6	11483127	L	60
SUPER_6	11483127	L	60
SUPER_6	11483127	L	60
SUPER_6	11483127	L	60
SUPER_6	11483127	L	60
SUPER_6	11483127	L	60
SUPER_6	11483127	L	60
SUPER_6	11483127	L	60
SUPER_6	11483127	L	60
SUPER_6	11483127	L	60
SUPER_6	11483127	L	60
SUPER_6	11483127	L	60
SUPER_6	11483127	L	60
SUPER_6	11483127	L	60
SUPER_6	11483127	L	60
SUPER_6	11483127	L	60
SUPER_6	11483127	L	60
SUPER_6	11483127	L	60
SUPER_6	11483127	L	60
SUPER_6	11483127	L	60
SUPER_6	11483127	L	60
SUPER_6	11483127	L	60
SUPER_6	11483127	L	60
SUPER_6	11483127	L	60
SUPER_6	11483127	L	60
SUPER_6	11483127	L	60
SUPER_6	11483127	L	60
SUPER_6	11483127	L	60
SUPER_6	11483127	L	60
SUPER_6	11483127	L	60
SUPER_6	11483127	L	60
SUPER_6	11483127	L	60
SUPER_6	11483127	L	60
SUPER_6	11483127	L	60
SUPER_6	11483127	L	60
SUPER_6	11483127	L	60
SUPER_6	11483127	L	60
SUPER_6	11483127	L	60
SUPER_6	11483127	L	60
SUPER_6	11483127	L	60
SUPER_6	11483127	L	60
SUPER_6	11483127	L	60
SUPER_6	11483127	L	60
SUPER_6	11483127	L	60
SUPER_6	11483127	L	60
SUPER_6	11483127	L	60
SUPER_6	11483127	L	60
SUPER_6	11483127	L	60
SUPER_6	11483127	L	60
SUPER_6	11483127	L	60
SUPER_6	11483127	L	60
SUPER_6	11483127	L	60
SUPER_6	11483127	L	60
SUPER_6	11483127	L	60
SUPER_6	11483127	L	60
SUPER_6	11483127	L	60
SUPER_6	11483127	L	60
SUPER_6	11483127	L	60
SUPER_6	11483127	L	60
SUPER_6	11483127	L	60
SUPER_6	11483127	L	60
SUPER_6	11483127	L	60
SUPER_6	11483127	L	60
SUPER_6	11483127	L	60
SUPER_6	11483127	L	60
SUPER_6	11483127	L	60
SUPER_6	11483127	L	60
SUPER_6	11483127	L	60
SUPER_6	11483127	L	60
SUPER_6	11483127	L	60
SUPER_6	11483127	L	60
SUPER_6	11483127	L	60
SUPER_6	11483127	L	60
SUPER_6	11483127	L	60
SUPER_6	11483127	L	60
SUPER_6	11483127	L	60
SUPER_6	11483127	L	60
SUPER_6	11483127	L	60
SUPER_6	11483127	L	60
SUPER_6	11483127	L	60
SUPER_6	11483127	L	60
SUPER_6	11483127	L	60
SUPER_6	11483127	L	60
SUPER_6	11483127	L	60
SUPER_6	11483127	L	60
SUPER_6	11483127	L	60
SUPER_6	11483127	L	60
SUPER_6	11483127	L	60
SUPER_6	11483127	L	60
SUPER_6	11483127	L	60
SUPER_6	11483127	L	60
SUPER_6	11483127	L	60
SUPER_6	11483127	L	60
SUPER_6	11483127	L	60
SUPER_6	11483127	L	60
SUPER_6	11483127	L	60
SUPER_6	11483127	L	60
SUPER_6	11483127	L	60
SUPER_6	11483127	L	60
SUPER_6	11483127	L	60
SUPER_6	11483127	L	60
SUPER_6	11483127	L	60
SUPER_6	11483127	L	60
SUPER_6	11483127	L	60
SUPER_6	11483127	L	60
SUPER_6	11483127	L	60
SUPER_6	11483127	L	60
SUPER_6	11483127	L	60
SUPER_6	11483127	L	60
SUPER_6	11483127	L	60
SUPER_6	11483127	L	60
SUPER_6	11483127	L	60
SUPER_6	11483127	L	60
SUPER_6	11483127	L	60
SUPER_6	11483127	L	60
SUPER_6	11483127	L	60
SUPER_6	11483127	L	60
SUPER_6	11483127	L	60
SUPER_6	11483127	L	60
SUPER_6	11483127	L	60
SUPER_6	11483127	L	60
SUPER_6	11483127	L	60
SUPER_6	11483127	L	60
SUPER_6	11483127	L	60
SUPER_6	11483127	L	60
SUPER_6	11483127	L	60
SUPER_6	11483127	L	60
SUPER_6	11483127	L	60
SUPER_6	11483127	L	60
SUPER_6	11483127	L	60
SUPER_6	11483127	L	60
SUPER_6	11483127	L	60
SUPER_6	11483127	L	60
SUPER_6	11483127	L	60
SUPER_6	11483127	L	60
SUPER_6	11483127	L	60
SUPER_6	11483127	L	60
SUPER_6	11483127	L	60
SUPER_6	11483127	L	60
SUPER_6	11483127	L	60
SUPER_6	11483127	L	60
SUPER_6	11483127	L	60
SUPER_6	11483127	L	60
SUPER_6	11483127	L	60
SUPER_6	11483127	L	60
SUPER_6	11483127	L	60
SUPER_6	11483127	L	60
SUPER_6	11483127	L	60
SUPER_6	11483127	L	60
SUPER_6	11483127	L	60
SUPER_6	11483127	L	60
SUPER_6	11483127	L	60
SUPER_6	11483127	L	60
SUPER_6	11483127	L	60
SUPER_6	11483127	L	60
SUPER_6	11483127	L	60
SUPER_6	11483127	L	60
SUPER_6	11483127	L	60
SUPER_6	11483127	L	60
SUPER_6	11483127	L	60
SUPER_6	11483127	L	60
SUPER_6	11483127	L	60
SUPER_6	11483127	L	60
SUPER_6	11483127	L	60
SUPER_6	11483127	L	60
SUPER_6	11483127	L	60
SUPER_6	11483127	L	60
SUPER_6	11483127	L	60
SUPER_6	11483127	L	60
SUPER_6	11483127	L	60
SUPER_6	11483127	L	60
SUPER_6	11483127	L	60
SUPER_6	11483127	L	60
SUPER_6	11483127	L	60
SUPER_6	11483127	L	60
SUPER_6	11483129	L	60
SUPER_6	11483129	L	60
SUPER_6	11483129	L	60
SUPER_6	11483129	L	60
SUPER_6	11483129	L	60
SUPER_6	11483129	L	60
SUPER_6	11483129	L	60
SUPER_6	11483130	L	60
SUPER_6	11483130	L	60
SUPER_6	11483130	L	60
SUPER_6	11483130	L	60
SUPER_6	11483130	L	60
SUPER_6	11483132	L	60
SUPER_6	11483132	L	60
SUPER_6	11483132	L	60
SUPER_6	11483132	L	60
SUPER_6	11483132	L	60
SUPER_6	11483132	L	60
SUPER_6	11483133	L	60
SUPER_6	11483133	L	60
SUPER_6	11483133	L	60
SUPER_6	11483133	L	60
SUPER_6	11483133	L	60
SUPER_6	11483133	L	60
SUPER_6	11483133	L	60
SUPER_6	11483133	L	60
SUPER_6	11483133	L	60
SUPER_6	11483133	L	60
SUPER_6	11483135	L	60
SUPER_6	11483137	L	60
SUPER_6	11483137	L	60
SUPER_6	11483137	L	60
SUPER_6	11483138	L	60
SUPER_6	11483143	L	60
SUPER_6	11483144	L	60
SUPER_6	11491536	L	60
SUPER_6	16869256	R	60
SUPER_6	16869256	R	60
SUPER_6	16869256	R	60
SUPER_6	16869256	R	60
SUPER_6	16869256	R	60
SUPER_6	16869256	R	60
SUPER_6	16869256	R	60
SUPER_6	16869256	R	60
SUPER_6	16869253	R	60
SUPER_6	16869256	R	60
SUPER_6	16869256	R	60
SUPER_6	16869256	R	60
SUPER_6	16869256	R	60
SUPER_6	16869256	R	60
SUPER_6	16869256	R	60
SUPER_6	16869256	R	60
SUPER_6	16869256	R	60
SUPER_6	16869256	R	60
SUPER_6	16869256	R	60
SUPER_6	16869256	R	60
SUPER_6	16869256	R	60
SUPER_6	16869251	R	60
SUPER_6	16869256	R	60
SUPER_6	16869256	R	60
SUPER_6	16869256	R	60
SUPER_6	16869253	R	60
SUPER_6	16869256	R	60
SUPER_6	16869256	R	60
SUPER_6	16869256	R	60
SUPER_6	16869256	R	60
SUPER_6	16869256	R	60
SUPER_6	16869256	R	60
SUPER_6	16869256	R	60
SUPER_6	16869248	R	60
SUPER_6	16869256	R	60
SUPER_6	16869256	R	60
SUPER_6	16869256	R	60
SUPER_6	16869256	R	60
SUPER_6	16869254	R	60
SUPER_6	16869256	R	60
SUPER_6	16869256	R	60
SUPER_6	16869256	R	60
SUPER_6	16869256	R	60
SUPER_6	16869256	R	60
SUPER_6	16869256	R	60
SUPER_6	16869256	R	60
SUPER_6	16869256	R	60
SUPER_6	16869256	R	60
SUPER_6	16869247	R	60
SUPER_6	16869256	R	60
SUPER_6	16869256	R	60
SUPER_6	16869256	R	60
SUPER_6	16869256	R	60
SUPER_6	16869256	R	60
SUPER_6	16869256	R	60
SUPER_6	16869256	R	60
SUPER_6	16869256	R	60
SUPER_6	16869256	R	60
SUPER_6	16869256	R	60
SUPER_6	16869256	R	60
SUPER_6	16869256	R	60
SUPER_6	16869256	R	60
SUPER_6	16869256	R	60
SUPER_6	16869256	R	60
SUPER_6	16869256	R	60
SUPER_6	16869256	R	60
SUPER_6	16869254	R	60
SUPER_6	16869256	R	60
SUPER_6	16869256	R	60
SUPER_6	16869256	R	60
SUPER_6	16869256	R	60
SUPER_6	16869256	R	60
SUPER_6	16869256	R	60
SUPER_6	16869256	R	60
SUPER_6	16869256	R	60
SUPER_6	16869256	R	60
SUPER_6	16869256	R	60
SUPER_6	16869256	R	60
SUPER_6	16869256	R	60
SUPER_6	16869256	R	60
SUPER_6	16869256	R	60
SUPER_6	16869254	R	60
SUPER_6	16869256	R	60
SUPER_6	16869256	R	60
SUPER_6	16869253	R	60
SUPER_6	16869256	R	60
SUPER_6	16869256	R	60
SUPER_6	16869256	R	60
SUPER_6	16869256	R	60
SUPER_6	16869256	R	60
SUPER_6	16869256	R	60
SUPER_6	16869256	R	60
SUPER_6	16869256	R	60
SUPER_6	16869256	R	60
SUPER_6	16869256	R	60
SUPER_6	16869256	R	60
SUPER_6	16869256	R	60
SUPER_6	16869256	R	60
SUPER_6	16869256	R	60
SUPER_6	16869256	R	60
SUPER_6	16869256	R	60
SUPER_6	16869254	R	60
SUPER_6	16869256	R	60
SUPER_6	16869256	R	60
SUPER_6	16869256	R	60
SUPER_6	16869256	R	60
SUPER_6	16869256	R	60
SUPER_6	16869256	R	60
SUPER_6	16869256	R	60
SUPER_6	16869256	R	60
SUPER_6	16869256	R	60
SUPER_6	16869256	R	60
SUPER_6	16869256	R	60
SUPER_6	16869256	R	60
SUPER_6	16869256	R	60
SUPER_6	16869256	R	60
SUPER_6	16869256	R	60
SUPER_6	16869256	R	60
SUPER_6	16869254	R	60
SUPER_6	16869256	R	60
SUPER_6	16869256	R	60
SUPER_6	16869256	R	60
SUPER_6	16869256	R	60
SUPER_6	16869256	R	60
SUPER_6	16869256	R	60
SUPER_6	16869256	R	60
SUPER_6	16869256	R	60
SUPER_6	16869256	R	60
SUPER_6	16869256	R	60
SUPER_6	16869256	R	60
SUPER_6	16869256	R	60
SUPER_6	16869256	R	60
SUPER_6	16869256	R	60
SUPER_6	16869256	R	60
SUPER_6	16869256	R	60
SUPER_6	16869254	R	60
SUPER_6	16869256	R	60
SUPER_6	16869256	R	60
SUPER_6	16869256	R	60
SUPER_6	16869256	R	60
SUPER_6	16869256	R	60
SUPER_6	16869256	R	60
SUPER_6	16869256	R	60
SUPER_6	16869256	R	60
SUPER_6	16869256	R	60
SUPER_6	16869250	R	60
SUPER_6	16869256	R	60
SUPER_6	16869256	R	60
SUPER_6	16869256	R	60
SUPER_6	16869256	R	60
SUPER_6	16869256	R	60
SUPER_6	16869256	R	60
SUPER_6	16869256	R	60
SUPER_6	16869256	R	60
SUPER_6	16869256	R	60
SUPER_6	16869256	R	60
SUPER_6	16869256	R	60
SUPER_6	16869256	R	60
SUPER_6	16869256	R	60
SUPER_6	16869256	R	60
SUPER_6	16869256	R	60
SUPER_6	16869256	R	60
SUPER_6	16869256	R	60
SUPER_6	16869256	R	60
SUPER_6	16869256	R	60
SUPER_6	16869256	R	60
SUPER_6	16869256	R	60
SUPER_6	16869256	R	60
SUPER_6	16869256	R	60
SUPER_6	16869256	R	60
SUPER_6	16869256	R	60
SUPER_6	16869256	R	60
SUPER_6	16869254	R	60
SUPER_6	16869256	R	60
SUPER_6	16869256	R	60
SUPER_6	16869256	R	60
SUPER_6	16869256	R	60
SUPER_6	16869256	R	60
SUPER_6	16869256	R	60
SUPER_6	16869256	R	60
SUPER_6	16869256	R	60
SUPER_6	16869256	R	60
SUPER_6	16869256	R	60
SUPER_6	16869256	R	60
SUPER_6	16869256	R	60
SUPER_6	16869256	R	60
SUPER_6	16869256	R	60
SUPER_6	16869256	R	60
SUPER_6	16869256	R	60
SUPER_6	16869256	R	60
SUPER_6	16869256	R	60
SUPER_6	16869248	R	60
SUPER_6	16869256	R	60
SUPER_6	16869256	R	60
SUPER_6	16869256	R	60
SUPER_6	16869256	R	60
SUPER_6	16869256	R	60
SUPER_6	16869256	R	60
SUPER_6	16869256	R	60
SUPER_6	16869256	R	60
SUPER_6	16869256	R	60
SUPER_6	16869256	R	60
SUPER_6	16869256	R	60
SUPER_6	16869256	R	60
SUPER_6	16869256	R	60
SUPER_6	16869256	R	60
SUPER_6	16869256	R	60
SUPER_6	16869256	R	60
SUPER_6	16869256	R	60
SUPER_6	16869256	R	60
SUPER_6	16869256	R	60
SUPER_6	16869256	R	60
SUPER_6	16869256	R	60
SUPER_6	16869256	R	60
SUPER_6	16869256	R	60
SUPER_6	16869256	R	60
SUPER_6	16869256	R	60
SUPER_6	16869256	R	60
SUPER_6	16869256	R	60
SUPER_6	16869256	R	60
SUPER_6	16869256	R	60
SUPER_6	16869256	R	60
SUPER_6	16869256	R	60
SUPER_6	16869256	R	60
SUPER_6	16869256	R	60
SUPER_6	16869256	R	60
SUPER_6	16869256	R	60
SUPER_6	16869254	R	60
SUPER_6	16869256	R	60
SUPER_6	16869256	R	60
SUPER_6	16869256	R	60
SUPER_6	16869256	R	60
SUPER_6	16869256	R	60
SUPER_6	16869256	R	60
SUPER_6	16869256	R	60
SUPER_6	16869256	R	60
SUPER_6	16869256	R	60
SUPER_6	16869256	R	60
SUPER_6	16869256	R	60
SUPER_6	16869253	R	60
SUPER_6	16869256	R	60
SUPER_6	16869256	R	60
SUPER_6	16869256	R	60
SUPER_6	16869256	R	60
SUPER_6	16869256	R	60
SUPER_6	16869256	R	60
SUPER_6	16869256	R	60
SUPER_6	16869256	R	60
SUPER_6	16869256	R	60
SUPER_6	16869256	R	60
SUPER_6	16869256	R	60
SUPER_6	16869256	R	60
SUPER_6	16869256	R	60
SUPER_6	16869256	R	60
SUPER_6	16869256	R	60
SUPER_6	16869256	R	60
SUPER_6	16869256	R	60
SUPER_6	16869256	R	60
SUPER_6	16869254	R	60
SUPER_6	16869256	R	60
SUPER_6	16869256	R	60
SUPER_6	16869256	R	60
SUPER_6	16869256	R	60
SUPER_6	16869256	R	60
SUPER_6	16869256	R	60
SUPER_6	16869256	R	60
SUPER_6	16869256	R	60
SUPER_6	16869256	R	60
SUPER_6	16869256	R	60
SUPER_6	16869256	R	60
SUPER_6	16869256	R	60
SUPER_6	16869256	R	60
SUPER_6	16869256	R	60
SUPER_6	16869256	R	60
SUPER_6	16869256	R	60
SUPER_6	16869256	R	60
SUPER_6	16869256	R	60
SUPER_6	16869256	R	60
SUPER_6	16869256	R	60
SUPER_6	16869256	R	60
SUPER_6	16869256	R	60
SUPER_6	16869256	R	60
SUPER_6	16869256	R	60
SUPER_6	16869256	R	60
SUPER_6	16869256	R	60
SUPER_6	16869256	R	60
SUPER_6	16869256	R	60
SUPER_6	16869256	R	60
SUPER_6	16869256	R	60
SUPER_6	16869256	R	60
SUPER_6	16869256	R	60
SUPER_6	16869256	R	60
SUPER_6	16869256	R	60
SUPER_6	16869256	R	60
SUPER_6	16869256	R	60
SUPER_6	16869256	R	60
SUPER_6	16869256	R	60
SUPER_6	16869256	R	60
SUPER_6	16869256	R	60
SUPER_6	16869256	R	60
SUPER_6	16869256	R	60
SUPER_6	16869256	R	60
SUPER_6	16869256	R	60
SUPER_6	16869256	R	60
SUPER_6	16869256	R	60
SUPER_6	16869256	R	60
SUPER_6	16869256	R	60
SUPER_6	16869256	R	60
SUPER_6	16869256	R	60
SUPER_6	16869256	R	60
SUPER_6	16869256	R	60
SUPER_6	16869256	R	60
SUPER_6	16869256	R	60
SUPER_6	16869256	R	60
SUPER_6	16869256	R	60
SUPER_6	16869256	R	60
SUPER_6	16869256	R	60
SUPER_6	16869256	R	60
SUPER_6	16869256	R	60
SUPER_6	16869256	R	60
SUPER_6	16869256	R	60
SUPER_6	16869256	R	60
SUPER_6	16869256	R	60
SUPER_6	16869256	R	60
SUPER_6	16869256	R	60
SUPER_6	16869256	R	60
SUPER_6	16869256	R	60
SUPER_6	16869256	R	60
SUPER_6	16869256	R	60
SUPER_6	16869256	R	60
SUPER_6	16869256	R	60
SUPER_6	16869256	R	60
SUPER_6	16869256	R	60
SUPER_6	16869256	R	60
SUPER_6	16869256	R	60
SUPER_6	16869256	R	60
SUPER_6	16869256	R	60
SUPER_6	16869256	R	60
SUPER_6	16869256	R	60
SUPER_6	16869256	R	60
SUPER_6	16869256	R	60
SUPER_6	16869256	R	60
SUPER_6	16869256	R	60
SUPER_6	16869256	R	60
SUPER_6	16869256	R	60
SUPER_6	16869256	R	60
SUPER_6	16869256	R	60
SUPER_6	16869256	R	60
SUPER_6	16869256	R	60
SUPER_6	16869256	R	60
SUPER_6	16869258	L	60
SUPER_6	16869258	L	55
SUPER_6	18155495	R	1
SUPER_6	18155495	R	1
SUPER_6	19168826	R	1
SUPER_6	19168650	R	1
SUPER_6	19163097	R	1
SUPER_6	19163097	R	1
SUPER_6	19168650	R	1
SUPER_6	19168650	R	1
SUPER_6	19168650	R	1
SUPER_6	19168650	R	2
SUPER_6	19168650	R	1
SUPER_6	19159026	L	1
SUPER_6	19168650	R	3
SUPER_6	19164647	R	1
SUPER_6	19393521	R	1
SUPER_6	20360980	R	1
SUPER_6	20360980	R	1
SUPER_6	21439757	R	1
SUPER_6	21455375	R	1
SUPER_6	21451706	R	1
SUPER_6	21465681	R	1
SUPER_X	626407	R	51
SUPER_X	5500723	R	60
SUPER_X	5501292	L	60
SUPER_X	5501292	L	60
SUPER_X	5501292	L	60
SUPER_X	5501292	L	60
SUPER_X	5501292	L	60
SUPER_X	5501292	L	60
SUPER_X	5501292	L	60
SUPER_X	5501292	L	60
SUPER_X	5501292	L	60
SUPER_X	5501292	L	60
SUPER_X	5501292	L	60
SUPER_X	5501292	L	60
SUPER_X	5501292	L	60
SUPER_X	5501292	L	60
SUPER_X	5501292	L	60
SUPER_X	5501292	L	60
SUPER_X	5501292	L	60
SUPER_X	5501292	L	60
SUPER_X	5501292	L	60
SUPER_X	5501292	L	60
SUPER_X	5501292	L	60
SUPER_X	5501292	L	60
SUPER_X	5501292	L	60
SUPER_X	5501292	L	60
SUPER_X	5501292	L	60
SUPER_X	5501292	L	60
SUPER_X	5501292	L	60
SUPER_X	5501292	L	60
SUPER_X	5501292	L	60
SUPER_X	5501292	L	60
SUPER_X	5501292	L	60
SUPER_X	5501292	L	60
SUPER_X	5501292	L	60
SUPER_X	5501292	L	60
SUPER_X	5501292	L	60
SUPER_X	5501292	L	60
SUPER_X	5501292	L	60
SUPER_X	5501292	L	60
SUPER_X	5501292	L	60
SUPER_X	5501292	L	60
SUPER_X	5501292	L	60
SUPER_X	5501292	L	60
SUPER_X	5501292	L	60
SUPER_X	5501292	L	60
SUPER_X	5501292	L	60
SUPER_X	5501292	L	60
SUPER_X	5501292	L	60
SUPER_X	5501292	L	60
SUPER_X	5501292	L	60
SUPER_X	5501292	L	60
SUPER_X	5501292	L	60
SUPER_X	5501292	L	60
SUPER_X	5501292	L	60
SUPER_X	5501292	L	60
SUPER_X	5501292	L	60
SUPER_X	5501292	L	60
SUPER_X	5501292	L	60
SUPER_X	5501292	L	60
SUPER_X	5501292	L	60
SUPER_X	5501292	L	60
SUPER_X	5501292	L	60
SUPER_X	5501292	L	60
SUPER_X	5501292	L	60
SUPER_X	5501292	L	60
SUPER_X	5501292	L	60
SUPER_X	5501292	L	60
SUPER_X	5501292	L	60
SUPER_X	5501292	L	60
SUPER_X	5501292	L	60
SUPER_X	5501292	L	60
SUPER_X	5501292	L	60
SUPER_X	5501292	L	60
SUPER_X	5501292	L	60
SUPER_X	5501292	L	60
SUPER_X	5501292	L	60
SUPER_X	5501292	L	60
SUPER_X	5501292	L	60
SUPER_X	5501292	L	60
SUPER_X	5501292	L	60
SUPER_X	5501292	L	60
SUPER_X	5501292	L	60
SUPER_X	5501292	L	60
SUPER_X	5501292	L	60
SUPER_X	5501292	L	60
SUPER_X	5501292	L	60
SUPER_X	5501292	L	60
SUPER_X	5501292	L	60
SUPER_X	5501292	L	60
SUPER_X	5501292	L	60
SUPER_X	5501292	L	60
SUPER_X	5501292	L	60
SUPER_X	5501292	L	60
SUPER_X	5501292	L	60
SUPER_X	5501292	L	60
SUPER_X	5501292	L	60
SUPER_X	5501292	L	60
SUPER_X	5501292	L	60
SUPER_X	5501292	L	60
SUPER_X	5501292	L	60
SUPER_X	5501292	L	60
SUPER_X	5501292	L	60
SUPER_X	5501292	L	60
SUPER_X	5501292	L	60
SUPER_X	5501292	L	60
SUPER_X	5501292	L	60
SUPER_X	5501292	L	60
SUPER_X	5501292	L	60
SUPER_X	5501292	L	60
SUPER_X	5501292	L	60
SUPER_X	5501292	L	60
SUPER_X	5501292	L	60
SUPER_X	5501292	L	60
SUPER_X	5501292	L	60
SUPER_X	5501292	L	60
SUPER_X	5501292	L	60
SUPER_X	5501292	L	60
SUPER_X	5501292	L	60
SUPER_X	5501292	L	60
SUPER_X	5501292	L	60
SUPER_X	5501292	L	60
SUPER_X	5501292	L	60
SUPER_X	5501292	L	60
SUPER_X	5501292	L	60
SUPER_X	5501292	L	60
SUPER_X	5501292	L	60
SUPER_X	5501292	L	60
SUPER_X	5501292	L	60
SUPER_X	5501292	L	60
SUPER_X	5501292	L	60
SUPER_X	5501292	L	60
SUPER_X	5501292	L	60
SUPER_X	5501292	L	60
SUPER_X	5501292	L	60
SUPER_X	5501292	L	60
SUPER_X	5501292	L	60
SUPER_X	5501292	L	60
SUPER_X	5501292	L	60
SUPER_X	5501292	L	60
SUPER_X	5501292	L	60
SUPER_X	5501292	L	60
SUPER_X	5501292	L	60
SUPER_X	5501292	L	60
SUPER_X	5501292	L	60
SUPER_X	5501292	L	60
SUPER_X	5501292	L	60
SUPER_X	5501292	L	60
SUPER_X	5501292	L	60
SUPER_X	5501292	L	60
SUPER_X	5501292	L	60
SUPER_X	5501292	L	60
SUPER_X	5501292	L	60
SUPER_X	5501292	L	60
SUPER_X	5501292	L	60
SUPER_X	5501292	L	60
SUPER_X	5501292	L	60
SUPER_X	5501292	L	60
SUPER_X	5501292	L	60
SUPER_X	5501292	L	60
SUPER_X	5501292	L	60
SUPER_X	5501292	L	60
SUPER_X	5501292	L	60
SUPER_X	5501292	L	60
SUPER_X	5501292	L	60
SUPER_X	5501292	L	60
SUPER_X	5501292	L	60
SUPER_X	5501292	L	60
SUPER_X	5501292	L	60
SUPER_X	5501292	L	60
SUPER_X	5501292	L	60
SUPER_X	5501292	L	60
SUPER_X	5501292	L	60
SUPER_X	5501292	L	60
SUPER_X	5501292	L	60
SUPER_X	5501292	L	60
SUPER_X	5501292	L	60
SUPER_X	5501292	L	60
SUPER_X	5501292	L	60
SUPER_X	5501292	L	60
SUPER_X	5501292	L	60
SUPER_X	5501292	L	60
SUPER_X	5501292	L	60
SUPER_X	5501292	L	60
SUPER_X	5501292	L	60
SUPER_X	5501292	L	60
SUPER_X	5501292	L	60
SUPER_X	5501292	L	60
SUPER_X	5501292	L	60
SUPER_X	5501292	L	60
SUPER_X	5501292	L	60
SUPER_X	5501292	L	60
SUPER_X	5501292	L	60
SUPER_X	5501292	L	60
SUPER_X	5501292	L	60
SUPER_X	5501292	L	60
SUPER_X	5501292	L	60
SUPER_X	5501292	L	60
SUPER_X	5501292	L	60
SUPER_X	5501292	L	60
SUPER_X	5501292	L	60
SUPER_X	5501292	L	60
SUPER_X	5501292	L	60
SUPER_X	5501292	L	60
SUPER_X	5501292	L	60
SUPER_X	5501292	L	60
SUPER_X	5501292	L	60
SUPER_X	5501292	L	60
SUPER_X	5501292	L	60
SUPER_X	5501292	L	60
SUPER_X	5501292	L	60
SUPER_X	5501292	L	60
SUPER_X	5501292	L	60
SUPER_X	5501292	L	60
SUPER_X	5501292	L	60
SUPER_X	5501292	L	60
SUPER_X	5501292	L	60
SUPER_X	5501292	L	60
SUPER_X	5501292	L	60
SUPER_X	5501292	L	60
SUPER_X	5501292	L	60
SUPER_X	5501292	L	60
SUPER_X	5501292	L	60
SUPER_X	5501292	L	60
SUPER_X	5501292	L	60
SUPER_X	5501292	L	60
SUPER_X	5501292	L	60
SUPER_X	5501292	L	60
SUPER_X	5501292	L	60
SUPER_X	5501292	L	60
SUPER_X	5501292	L	60
SUPER_X	5501292	L	60
SUPER_X	5501292	L	60
SUPER_X	5501292	L	60
SUPER_X	5501292	L	60
SUPER_X	5501292	L	60
SUPER_X	5501292	L	60
SUPER_X	5501292	L	60
SUPER_X	5501292	L	60
SUPER_X	5501292	L	60
SUPER_X	5501292	L	60
SUPER_X	5501292	L	60
SUPER_X	5501292	L	60
SUPER_X	5501292	L	60
SUPER_X	5501292	L	60
SUPER_X	5501292	L	60
SUPER_X	5501292	L	60
SUPER_X	5501292	L	60
SUPER_X	5501292	L	60
SUPER_X	5501292	L	60
SUPER_X	5501292	L	60
SUPER_X	5501292	L	60
SUPER_X	5501292	L	60
SUPER_X	5501292	L	60
SUPER_X	5501292	L	60
SUPER_X	5501292	L	60
SUPER_X	5501292	L	60
SUPER_X	5501292	L	60
SUPER_X	5501292	L	60
SUPER_X	5501292	L	60
SUPER_X	5501292	L	60
SUPER_X	5501292	L	60
SUPER_X	5501292	L	60
SUPER_X	5501292	L	60
SUPER_X	5501292	L	60
SUPER_X	5501292	L	60
SUPER_X	5501292	L	60
SUPER_X	5501292	L	60
SUPER_X	5501292	L	60
SUPER_X	5501292	L	60
SUPER_X	5501292	L	60
SUPER_X	5501292	L	60
SUPER_X	5501292	L	60
SUPER_X	5501292	L	60
SUPER_X	5501292	L	60
SUPER_X	5501292	L	60
SUPER_X	5501292	L	60
SUPER_X	5501292	L	60
SUPER_X	5501292	L	60
SUPER_X	5501292	L	60
SUPER_X	5501292	L	60
SUPER_X	5501292	L	60
SUPER_X	5501292	L	60
SUPER_X	5501292	L	60
SUPER_X	5501292	L	60
SUPER_X	5501292	L	60
SUPER_X	5501292	L	60
SUPER_X	5501292	L	60
SUPER_X	5501292	L	60
SUPER_X	5501292	L	60
SUPER_X	5501292	L	60
SUPER_X	5501292	L	60
SUPER_X	5501292	L	60
SUPER_X	5501292	L	60
SUPER_X	5501292	L	60
SUPER_X	5501292	L	60
SUPER_X	5501292	L	60
SUPER_X	5501292	L	60
SUPER_X	5501292	L	60
SUPER_X	5501292	L	60
SUPER_X	5501292	L	60
SUPER_X	5501294	L	60
SUPER_X	5501295	L	60
SUPER_X	5501295	L	60
SUPER_X	5501296	L	60
SUPER_X	5501297	L	60
SUPER_X	5501297	L	60
SUPER_X	5501297	L	60
SUPER_X	5501297	L	60
SUPER_X	5501297	L	60
SUPER_X	5501297	L	60
SUPER_X	5501297	L	60
SUPER_X	5501297	L	60
SUPER_X	5501298	L	60
SUPER_X	5501298	L	60
SUPER_X	5501301	L	60
SUPER_X	5501305	L	60
SUPER_X	5501307	L	60
SUPER_X	7148420	L	60
SUPER_X	9720266	R	60
SUPER_X	10706804	R	60
SUPER_X	10706804	R	60
SUPER_X	10706804	R	60
SUPER_X	10706804	R	60
SUPER_X	10706804	R	60
SUPER_X	10706804	R	60
SUPER_X	10706804	R	60
SUPER_X	10706804	R	60
SUPER_X	10706804	R	60
SUPER_X	10706804	R	60
SUPER_X	10706804	R	60
SUPER_X	10706804	R	60
SUPER_X	10706795	R	60
SUPER_X	10706804	R	60
SUPER_X	10706798	R	60
SUPER_X	10706804	R	60
SUPER_X	10706804	R	60
SUPER_X	10706804	R	60
SUPER_X	10706804	R	60
SUPER_X	10706804	R	60
SUPER_X	10706804	R	60
SUPER_X	10706804	R	60
SUPER_X	10706804	R	60
SUPER_X	10706804	R	60
SUPER_X	10706804	R	60
SUPER_X	10706804	R	60
SUPER_X	10706804	R	60
SUPER_X	10706804	R	60
SUPER_X	10706804	R	60
SUPER_X	10706804	R	60
SUPER_X	10706804	R	60
SUPER_X	10706804	R	60
SUPER_X	10706796	R	60
SUPER_X	10706804	R	60
SUPER_X	10706804	R	60
SUPER_X	10706804	R	60
SUPER_X	10706804	R	60
SUPER_X	10706804	R	60
SUPER_X	10706804	R	60
SUPER_X	10706804	R	60
SUPER_X	10706804	R	60
SUPER_X	10706804	R	60
SUPER_X	10706804	R	60
SUPER_X	10706804	R	60
SUPER_X	10706799	R	60
SUPER_X	10706804	R	60
SUPER_X	10706804	R	60
SUPER_X	10706804	R	60
SUPER_X	10706804	R	60
SUPER_X	10706804	R	60
SUPER_X	10706804	R	60
SUPER_X	10706801	R	60
SUPER_X	10706804	R	60
SUPER_X	10706804	R	60
SUPER_X	10706804	R	60
SUPER_X	10706804	R	60
SUPER_X	10706804	R	60
SUPER_X	10706804	R	60
SUPER_X	10706788	R	60
SUPER_X	10706804	R	60
SUPER_X	10706804	R	60
SUPER_X	10706804	R	60
SUPER_X	10706804	R	60
SUPER_X	10706804	R	60
SUPER_X	10706804	R	60
SUPER_X	10706804	R	60
SUPER_X	10706804	R	60
SUPER_X	10706804	R	60
SUPER_X	10706804	R	60
SUPER_X	10706804	R	60
SUPER_X	10706804	R	60
SUPER_X	10706804	R	60
SUPER_X	10706804	R	60
SUPER_X	10706804	R	60
SUPER_X	10706804	R	60
SUPER_X	10706804	R	60
SUPER_X	10706804	R	60
SUPER_X	10706804	R	60
SUPER_X	10706804	R	60
SUPER_X	10706802	R	60
SUPER_X	10706804	R	60
SUPER_X	10706804	R	60
SUPER_X	10706804	R	60
SUPER_X	10706804	R	60
SUPER_X	10706804	R	60
SUPER_X	10706804	R	60
SUPER_X	10706802	R	60
SUPER_X	10706804	R	60
SUPER_X	10706804	R	60
SUPER_X	10706804	R	60
SUPER_X	10706804	R	60
SUPER_X	10706804	R	60
SUPER_X	10706804	R	60
SUPER_X	10706804	R	60
SUPER_X	10706804	R	60
SUPER_X	10706804	R	60
SUPER_X	10706804	R	60
SUPER_X	10706804	R	60
SUPER_X	10706804	R	60
SUPER_X	10706804	R	60
SUPER_X	10706804	R	60
SUPER_X	10706804	R	60
SUPER_X	10706804	R	60
SUPER_X	10706804	R	60
SUPER_X	10706804	R	60
SUPER_X	10706804	R	60
SUPER_X	10706804	R	60
SUPER_X	10706804	R	60
SUPER_X	10706796	R	60
SUPER_X	10706804	R	60
SUPER_X	10706804	R	60
SUPER_X	10706804	R	60
SUPER_X	10706804	R	60
SUPER_X	10706804	R	60
SUPER_X	10706804	R	60
SUPER_X	10706804	R	60
SUPER_X	10706804	R	60
SUPER_X	10706804	R	60
SUPER_X	10706804	R	60
SUPER_X	10706799	R	60
SUPER_X	10706804	R	60
SUPER_X	10706793	R	60
SUPER_X	10706804	R	60
SUPER_X	10706804	R	60
SUPER_X	10706804	R	60
SUPER_X	10706804	R	60
SUPER_X	10706804	R	60
SUPER_X	10706804	R	60
SUPER_X	10706804	R	60
SUPER_X	10706804	R	60
SUPER_X	10706804	R	60
SUPER_X	10706804	R	60
SUPER_X	10706804	R	60
SUPER_X	10706804	R	60
SUPER_X	10706804	R	60
SUPER_X	10706804	R	60
SUPER_X	10706804	R	60
SUPER_X	10706804	R	60
SUPER_X	10706804	R	60
SUPER_X	10706804	R	60
SUPER_X	10706804	R	60
SUPER_X	10706804	R	60
SUPER_X	10706804	R	60
SUPER_X	10706779	R	60
SUPER_X	10706804	R	60
SUPER_X	10706804	R	60
SUPER_X	10706804	R	60
SUPER_X	10706804	R	60
SUPER_X	10706804	R	60
SUPER_X	10706804	R	60
SUPER_X	10706804	R	60
SUPER_X	10706804	R	60
SUPER_X	10706804	R	60
SUPER_X	10706804	R	60
SUPER_X	10706804	R	60
SUPER_X	10706804	R	60
SUPER_X	10706804	R	60
SUPER_X	10706804	R	60
SUPER_X	10706804	R	60
SUPER_X	10706804	R	60
SUPER_X	10706804	R	60
SUPER_X	10706804	R	60
SUPER_X	10706804	R	60
SUPER_X	10706804	R	60
SUPER_X	10706804	R	60
SUPER_X	10706795	R	60
SUPER_X	10706804	R	60
SUPER_X	10706804	R	60
SUPER_X	10706804	R	60
SUPER_X	10706804	R	60
SUPER_X	10706804	R	60
SUPER_X	10706804	R	60
SUPER_X	10706804	R	60
SUPER_X	10706804	R	60
SUPER_X	10706804	R	60
SUPER_X	10706804	R	60
SUPER_X	10706804	R	60
SUPER_X	10706804	R	60
SUPER_X	10706804	R	60
SUPER_X	10706804	R	60
SUPER_X	10706804	R	60
SUPER_X	10706804	R	60
SUPER_X	10706804	R	60
SUPER_X	10706804	R	60
SUPER_X	10706804	R	60
SUPER_X	10706804	R	60
SUPER_X	10706804	R	60
SUPER_X	10706804	R	60
SUPER_X	10706804	R	60
SUPER_X	10706804	R	60
SUPER_X	10706804	R	60
SUPER_X	10706804	R	60
SUPER_X	10706804	R	60
SUPER_X	10706804	R	60
SUPER_X	10706804	R	60
SUPER_X	10706795	R	60
SUPER_X	10706804	R	60
SUPER_X	10706804	R	60
SUPER_X	10706804	R	60
SUPER_X	10706804	R	60
SUPER_X	10706804	R	60
SUPER_X	10706804	R	60
SUPER_X	10706804	R	60
SUPER_X	10706804	R	60
SUPER_X	10706804	R	60
SUPER_X	10706804	R	60
SUPER_X	10706804	R	60
SUPER_X	10706804	R	60
SUPER_X	10706804	R	60
SUPER_X	10706804	R	60
SUPER_X	10706804	R	60
SUPER_X	10706804	R	60
SUPER_X	10706804	R	60
SUPER_X	10706804	R	60
SUPER_X	10706804	R	60
SUPER_X	10706804	R	60
SUPER_X	10706804	R	60
SUPER_X	10706804	R	60
SUPER_X	10706804	R	60
SUPER_X	10706804	R	60
SUPER_X	10706804	R	60
SUPER_X	10706804	R	60
SUPER_X	10706804	R	60
SUPER_X	10706804	R	60
SUPER_X	10706804	R	60
SUPER_X	10706804	R	60
SUPER_X	10706804	R	60
SUPER_X	10706804	R	60
SUPER_X	10706804	R	60
SUPER_X	10706804	R	60
SUPER_X	10706804	R	60
SUPER_X	10706804	R	60
SUPER_X	10706804	R	60
SUPER_X	10706804	R	60
SUPER_X	10706804	R	60
SUPER_X	10706804	R	60
SUPER_X	10706804	R	60
SUPER_X	10706804	R	60
SUPER_X	10706804	R	60
SUPER_X	10706804	R	60
SUPER_X	10706804	R	60
SUPER_X	10706804	R	60
SUPER_X	10706801	R	60
SUPER_X	10706804	R	60
SUPER_X	10706804	R	60
SUPER_X	10706804	R	60
SUPER_X	10706804	R	60
SUPER_X	10706804	R	60
SUPER_X	10706804	R	60
SUPER_X	10706804	R	60
SUPER_X	10706804	R	60
SUPER_X	10706804	R	60
SUPER_X	10706804	R	60
SUPER_X	10706804	R	60
SUPER_X	10706804	R	60
SUPER_X	10706804	R	60
SUPER_X	10706804	R	60
SUPER_X	10706804	R	60
SUPER_X	10706804	R	60
SUPER_X	10706804	R	60
SUPER_X	10913774	R	60
SUPER_X	10913777	R	60
SUPER_X	10913774	L	60
SUPER_X	10913774	L	60
SUPER_X	10913775	L	60
SUPER_X	10913775	L	60
SUPER_X	10913775	L	60
SUPER_X	10913775	L	60
SUPER_X	10913775	L	60
SUPER_X	10913775	L	60
SUPER_X	10913775	L	60
SUPER_X	10913775	L	60
SUPER_X	10913775	L	60
SUPER_X	10913775	L	60
SUPER_X	10913775	L	60
SUPER_X	10913775	L	60
SUPER_X	10913775	L	60
SUPER_X	10913775	L	60
SUPER_X	10913775	L	60
SUPER_X	10913775	L	60
SUPER_X	10913775	L	60
SUPER_X	10913775	L	60
SUPER_X	10913775	L	60
SUPER_X	10913775	L	60
SUPER_X	10913775	L	60
SUPER_X	10913775	L	60
SUPER_X	10913775	L	60
SUPER_X	10913775	L	60
SUPER_X	10913775	L	60
SUPER_X	10913775	L	60
SUPER_X	10913775	L	60
SUPER_X	10913775	L	60
SUPER_X	10913775	L	60
SUPER_X	10913775	L	60
SUPER_X	10913775	L	60
SUPER_X	10913775	L	60
SUPER_X	10913775	L	60
SUPER_X	10913775	L	60
SUPER_X	10913775	L	60
SUPER_X	10913775	L	60
SUPER_X	10913775	L	60
SUPER_X	10913775	L	60
SUPER_X	10913775	L	60
SUPER_X	10913775	L	60
SUPER_X	10913775	L	60
SUPER_X	10913775	L	60
SUPER_X	10913775	L	60
SUPER_X	10913775	L	60
SUPER_X	10913775	L	60
SUPER_X	10913775	L	60
SUPER_X	10913775	L	60
SUPER_X	10913775	L	60
SUPER_X	10913775	L	60
SUPER_X	10913775	L	60
SUPER_X	10913775	L	60
SUPER_X	10913775	L	60
SUPER_X	10913775	L	60
SUPER_X	10913775	L	60
SUPER_X	10913775	L	60
SUPER_X	10913775	L	60
SUPER_X	10913775	L	60
SUPER_X	10913775	L	60
SUPER_X	10913775	L	60
SUPER_X	10913775	L	60
SUPER_X	10913775	L	60
SUPER_X	10913775	L	60
SUPER_X	10913775	L	60
SUPER_X	10913775	L	60
SUPER_X	10913775	L	60
SUPER_X	10913775	L	60
SUPER_X	10913775	L	60
SUPER_X	10913775	L	60
SUPER_X	10913775	L	60
SUPER_X	10913775	L	60
SUPER_X	10913775	L	60
SUPER_X	10913775	L	60
SUPER_X	10913775	L	60
SUPER_X	10913775	L	60
SUPER_X	10913775	L	60
SUPER_X	10913775	L	60
SUPER_X	10913775	L	60
SUPER_X	10913775	L	60
SUPER_X	10913775	L	60
SUPER_X	10913775	L	60
SUPER_X	10913775	L	60
SUPER_X	10913775	L	60
SUPER_X	10913775	L	60
SUPER_X	10913775	L	60
SUPER_X	10913775	L	60
SUPER_X	10913775	L	60
SUPER_X	10913775	L	60
SUPER_X	10913775	L	60
SUPER_X	10913775	L	60
SUPER_X	10913775	L	60
SUPER_X	10913775	L	60
SUPER_X	10913775	L	60
SUPER_X	10913775	L	60
SUPER_X	10913775	L	60
SUPER_X	10913775	L	60
SUPER_X	10913775	L	60
SUPER_X	10913775	L	60
SUPER_X	10913775	L	60
SUPER_X	10913775	L	60
SUPER_X	10913775	L	60
SUPER_X	10913775	L	60
SUPER_X	10913775	L	60
SUPER_X	10913775	L	60
SUPER_X	10913775	L	60
SUPER_X	10913775	L	60
SUPER_X	10913775	L	60
SUPER_X	10913775	L	60
SUPER_X	10913775	L	60
SUPER_X	10913775	L	60
SUPER_X	10913775	L	60
SUPER_X	10913775	L	60
SUPER_X	10913775	L	60
SUPER_X	10913775	L	60
SUPER_X	10913775	L	60
SUPER_X	10913775	L	60
SUPER_X	10913775	L	60
SUPER_X	10913775	L	60
SUPER_X	10913775	L	60
SUPER_X	10913775	L	60
SUPER_X	10913775	L	60
SUPER_X	10913775	L	60
SUPER_X	10913775	L	60
SUPER_X	10913775	L	60
SUPER_X	10913775	L	60
SUPER_X	10913775	L	60
SUPER_X	10913775	L	60
SUPER_X	10913775	L	60
SUPER_X	10913775	L	60
SUPER_X	10913775	L	60
SUPER_X	10913775	L	60
SUPER_X	10913775	L	60
SUPER_X	10913775	L	60
SUPER_X	10913775	L	60
SUPER_X	10913775	L	60
SUPER_X	10913775	L	60
SUPER_X	10913775	L	60
SUPER_X	10913775	L	60
SUPER_X	10913775	L	60
SUPER_X	10913775	L	60
SUPER_X	10913775	L	60
SUPER_X	10913775	L	60
SUPER_X	10913775	L	60
SUPER_X	10913775	L	60
SUPER_X	10913775	L	60
SUPER_X	10913775	L	60
SUPER_X	10913775	L	60
SUPER_X	10913775	L	60
SUPER_X	10913775	L	60
SUPER_X	10913775	L	60
SUPER_X	10913775	L	60
SUPER_X	10913775	L	60
SUPER_X	10913775	L	60
SUPER_X	10913775	L	60
SUPER_X	10913775	L	60
SUPER_X	10913775	L	60
SUPER_X	10913775	L	60
SUPER_X	10913775	L	60
SUPER_X	10913775	L	60
SUPER_X	10913775	L	60
SUPER_X	10913775	L	60
SUPER_X	10913775	L	60
SUPER_X	10913775	L	60
SUPER_X	10913775	L	60
SUPER_X	10913775	L	60
SUPER_X	10913775	L	60
SUPER_X	10913775	L	60
SUPER_X	10913775	L	60
SUPER_X	10913775	L	60
SUPER_X	10913775	L	60
SUPER_X	10913775	L	60
SUPER_X	10913775	L	60
SUPER_X	10913775	L	60
SUPER_X	10913775	L	60
SUPER_X	10913775	L	60
SUPER_X	10913775	L	60
SUPER_X	10913775	L	60
SUPER_X	10913775	L	60
SUPER_X	10913775	L	60
SUPER_X	10913775	L	60
SUPER_X	10913775	L	60
SUPER_X	10913775	L	60
SUPER_X	10913775	L	60
SUPER_X	10913775	L	60
SUPER_X	10913775	L	60
SUPER_X	10913775	L	60
SUPER_X	10913775	L	60
SUPER_X	10913775	L	60
SUPER_X	10913775	L	60
SUPER_X	10913775	L	60
SUPER_X	10913775	L	60
SUPER_X	10913775	L	60
SUPER_X	10913775	L	60
SUPER_X	10913775	L	60
SUPER_X	10913775	L	60
SUPER_X	10913775	L	60
SUPER_X	10913775	L	60
SUPER_X	10913775	L	60
SUPER_X	10913775	L	60
SUPER_X	10913775	L	60
SUPER_X	10913775	L	60
SUPER_X	10913775	L	60
SUPER_X	10913775	L	60
SUPER_X	10913775	L	60
SUPER_X	10913775	L	60
SUPER_X	10913775	L	60
SUPER_X	10913775	L	60
SUPER_X	10913775	L	60
SUPER_X	10913775	L	60
SUPER_X	10913775	L	60
SUPER_X	10913775	L	60
SUPER_X	10913775	L	60
SUPER_X	10913775	L	60
SUPER_X	10913775	L	60
SUPER_X	10913775	L	60
SUPER_X	10913775	L	60
SUPER_X	10913775	L	60
SUPER_X	10913775	L	60
SUPER_X	10913775	L	60
SUPER_X	10913775	L	60
SUPER_X	10913775	L	60
SUPER_X	10913775	L	60
SUPER_X	10913775	L	60
SUPER_X	10913775	L	60
SUPER_X	10913775	L	60
SUPER_X	10913775	L	60
SUPER_X	10913775	L	60
SUPER_X	10913775	L	60
SUPER_X	10913775	L	60
SUPER_X	10913775	L	60
SUPER_X	10913775	L	60
SUPER_X	10913775	L	60
SUPER_X	10913775	L	60
SUPER_X	10913775	L	60
SUPER_X	10913775	L	60
SUPER_X	10913775	L	60
SUPER_X	10913775	L	60
SUPER_X	10913775	L	60
SUPER_X	10913775	L	60
SUPER_X	10913775	L	60
SUPER_X	10913775	L	60
SUPER_X	10913775	L	60
SUPER_X	10913775	L	60
SUPER_X	10913775	L	60
SUPER_X	10913775	L	60
SUPER_X	10913775	L	60
SUPER_X	10913775	L	60
SUPER_X	10913775	L	60
SUPER_X	10913775	L	60
SUPER_X	10913775	L	60
SUPER_X	10913775	L	60
SUPER_X	10913775	L	60
SUPER_X	10913775	L	60
SUPER_X	10913775	L	60
SUPER_X	10913775	L	60
SUPER_X	10913775	L	60
SUPER_X	10913775	L	60
SUPER_X	10913775	L	60
SUPER_X	10913775	L	60
SUPER_X	10913775	L	60
SUPER_X	10913775	L	60
SUPER_X	10913775	L	60
SUPER_X	10913775	L	60
SUPER_X	10913775	L	60
SUPER_X	10913775	L	60
SUPER_X	10913775	L	60
SUPER_X	10913775	L	60
SUPER_X	10913775	L	60
SUPER_X	10913775	L	60
SUPER_X	10913775	L	60
SUPER_X	10913775	L	60
SUPER_X	10913775	L	60
SUPER_X	10913775	L	60
SUPER_X	10913775	L	60
SUPER_X	10913775	L	60
SUPER_X	10913775	L	60
SUPER_X	10913775	L	60
SUPER_X	10913775	L	60
SUPER_X	10913775	L	60
SUPER_X	10913775	L	60
SUPER_X	10913775	L	60
SUPER_X	10913775	L	60
SUPER_X	10913775	L	60
SUPER_X	10913775	L	60
SUPER_X	10913775	L	60
SUPER_X	10913775	L	60
SUPER_X	10913775	L	60
SUPER_X	10913775	L	60
SUPER_X	10913775	L	60
SUPER_X	10913775	L	60
SUPER_X	10913775	L	60
SUPER_X	10913775	L	60
SUPER_X	10913775	L	60
SUPER_X	10913775	L	60
SUPER_X	10913775	L	60
SUPER_X	10913775	L	60
SUPER_X	10913775	L	60
SUPER_X	10913775	L	60
SUPER_X	10913775	L	60
SUPER_X	10913775	L	60
SUPER_X	10913775	L	60
SUPER_X	10913775	L	60
SUPER_X	10913775	L	60
SUPER_X	10913775	L	60
SUPER_X	10913780	L	60
SUPER_X	10913780	L	60
SUPER_X	10913780	L	60
SUPER_X	10913781	L	60
SUPER_X	10913781	L	60
SUPER_X	10913781	L	60
SUPER_X	10913781	L	60
SUPER_X	10913781	L	60
SUPER_X	10913781	L	60
SUPER_X	10913781	L	60
SUPER_X	10913783	L	60
SUPER_X	10913783	L	60
SUPER_X	10913783	L	60
SUPER_X	10913783	L	60
SUPER_X	10913783	L	60
SUPER_X	10913783	L	60
SUPER_X	10913784	L	60
SUPER_X	10913784	L	60
SUPER_X	10913784	L	60
SUPER_X	10913784	L	60
SUPER_X	10913787	L	60
SUPER_X	10913794	L	60
SUPER_X	13128390	R	18
SUPER_X	13558390	L	45
SUPER_X	14217211	R	60
SUPER_X	14217211	R	60
SUPER_X	14217201	R	60
SUPER_X	14217211	R	60
SUPER_X	14217211	R	60
SUPER_X	14217211	R	60
SUPER_X	14217211	R	60
SUPER_X	14217211	R	60
SUPER_X	14217211	R	60
SUPER_X	14217208	R	60
SUPER_X	14217211	R	60
SUPER_X	14217211	R	60
SUPER_X	14217211	R	60
SUPER_X	14217211	R	60
SUPER_X	14217211	R	60
SUPER_X	14217211	R	60
SUPER_X	14217206	R	60
SUPER_X	14217211	R	60
SUPER_X	14217211	R	60
SUPER_X	14217211	R	60
SUPER_X	14217211	R	60
SUPER_X	14217211	R	60
SUPER_X	14217204	R	60
SUPER_X	14217211	R	60
SUPER_X	14217211	R	60
SUPER_X	14217211	R	60
SUPER_X	14217211	R	60
SUPER_X	14217211	R	60
SUPER_X	14217211	R	60
SUPER_X	14217211	R	60
SUPER_X	14217209	R	60
SUPER_X	14217211	R	60
SUPER_X	14217211	R	60
SUPER_X	14217211	R	60
SUPER_X	14217211	R	60
SUPER_X	14217211	R	60
SUPER_X	14217211	R	60
SUPER_X	14217211	R	60
SUPER_X	14217211	R	60
SUPER_X	14217211	R	60
SUPER_X	14217211	R	60
SUPER_X	14217211	R	60
SUPER_X	14217211	R	60
SUPER_X	14217211	R	60
SUPER_X	14217211	R	60
SUPER_X	14217211	R	60
SUPER_X	14217211	R	60
SUPER_X	14217211	R	60
SUPER_X	14217211	R	60
SUPER_X	14217211	R	60
SUPER_X	14217211	R	60
SUPER_X	14217211	R	60
SUPER_X	14217211	R	60
SUPER_X	14217211	R	60
SUPER_X	14217211	R	60
SUPER_X	14217211	R	60
SUPER_X	14217211	R	60
SUPER_X	14217211	R	60
SUPER_X	14217211	R	60
SUPER_X	14217211	R	60
SUPER_X	14217211	R	60
SUPER_X	14217211	R	60
SUPER_X	14217211	R	60
SUPER_X	14217208	R	60
SUPER_X	14217211	R	60
SUPER_X	14217211	R	60
SUPER_X	14217211	R	60
SUPER_X	14217211	R	60
SUPER_X	14217211	R	60
SUPER_X	14217211	R	60
SUPER_X	14217211	R	60
SUPER_X	14217204	R	60
SUPER_X	14217211	R	60
SUPER_X	14217211	R	60
SUPER_X	14217211	R	60
SUPER_X	14217211	R	60
SUPER_X	14217211	R	60
SUPER_X	14217211	R	60
SUPER_X	14217211	R	60
SUPER_X	14217211	R	60
SUPER_X	14217197	R	60
SUPER_X	14217211	R	60
SUPER_X	14217204	R	60
SUPER_X	14217211	R	60
SUPER_X	14217211	R	60
SUPER_X	14217211	R	60
SUPER_X	14217203	R	60
SUPER_X	14217211	R	60
SUPER_X	14217211	R	60
SUPER_X	14217211	R	60
SUPER_X	14217211	R	60
SUPER_X	14217211	R	60
SUPER_X	14217211	R	60
SUPER_X	14217211	R	60
SUPER_X	14217211	R	60
SUPER_X	14217211	R	60
SUPER_X	14217211	R	60
SUPER_X	14217211	R	60
SUPER_X	14217211	R	60
SUPER_X	14217211	R	60
SUPER_X	14217211	R	60
SUPER_X	14217211	R	60
SUPER_X	14217211	R	60
SUPER_X	14217211	R	60
SUPER_X	14217211	R	60
SUPER_X	14217211	R	60
SUPER_X	14217204	R	60
SUPER_X	14217211	R	60
SUPER_X	14217211	R	60
SUPER_X	14217211	R	60
SUPER_X	14217211	R	60
SUPER_X	14217211	R	60
SUPER_X	14217211	R	60
SUPER_X	14217211	R	60
SUPER_X	14217211	R	60
SUPER_X	14217211	R	60
SUPER_X	14217211	R	60
SUPER_X	14217211	R	60
SUPER_X	14217211	R	60
SUPER_X	14217211	R	60
SUPER_X	14217211	R	60
SUPER_X	14217211	R	60
SUPER_X	14217211	R	60
SUPER_X	14217211	R	60
SUPER_X	14217211	R	60
SUPER_X	14217211	R	60
SUPER_X	14217211	R	60
SUPER_X	14217211	R	60
SUPER_X	14217211	R	60
SUPER_X	14217211	R	60
SUPER_X	14217211	R	60
SUPER_X	14217211	R	60
SUPER_X	14217211	R	60
SUPER_X	14217211	R	60
SUPER_X	14217211	R	60
SUPER_X	14217211	R	60
SUPER_X	14217211	R	60
SUPER_X	14217211	R	60
SUPER_X	14217211	R	60
SUPER_X	14217211	R	60
SUPER_X	14217211	R	60
SUPER_X	14217211	R	60
SUPER_X	14217211	R	60
SUPER_X	14217211	R	60
SUPER_X	14217211	R	60
SUPER_X	14217211	R	60
SUPER_X	14217211	R	60
SUPER_X	14217211	R	60
SUPER_X	14217211	R	60
SUPER_X	14217211	R	60
SUPER_X	14217211	R	60
SUPER_X	14217211	R	60
SUPER_X	14217211	R	60
SUPER_X	14217211	R	60
SUPER_X	14217211	R	60
SUPER_X	14217211	R	60
SUPER_X	14217211	R	60
SUPER_X	14217211	R	60
SUPER_X	14217204	R	60
SUPER_X	14217211	R	60
SUPER_X	14217211	R	60
SUPER_X	14217211	R	60
SUPER_X	14217211	R	60
SUPER_X	14217212	R	60
SUPER_X	14217211	R	60
SUPER_X	14217211	R	60
SUPER_X	14217211	R	60
SUPER_X	14217211	R	60
SUPER_X	14217211	R	60
SUPER_X	14217211	R	60
SUPER_X	14217211	R	60
SUPER_X	14217211	R	60
SUPER_X	14217211	R	60
SUPER_X	14217211	R	60
SUPER_X	14217211	R	60
SUPER_X	14217211	R	60
SUPER_X	14217211	R	60
SUPER_X	14217211	R	60
SUPER_X	14217211	R	60
SUPER_X	14217211	R	60
SUPER_X	14217208	R	60
SUPER_X	14217211	R	60
SUPER_X	14217211	R	60
SUPER_X	14217211	R	60
SUPER_X	14217211	R	60
SUPER_X	14217211	R	60
SUPER_X	14217211	R	60
SUPER_X	14217210	R	60
SUPER_X	14217209	R	60
SUPER_X	14217211	R	60
SUPER_X	14217211	R	60
SUPER_X	14217211	R	60
SUPER_X	14217211	R	60
SUPER_X	14217211	R	60
SUPER_X	14217211	R	60
SUPER_X	14217209	R	60
SUPER_X	14217211	R	60
SUPER_X	14217211	R	60
SUPER_X	14217211	R	60
SUPER_X	14217211	R	60
SUPER_X	14217211	R	60
SUPER_X	14217211	R	60
SUPER_X	14217211	R	60
SUPER_X	14217211	R	60
SUPER_X	14217211	R	60
SUPER_X	14217211	R	60
SUPER_X	14217211	R	60
SUPER_X	14217211	R	60
SUPER_X	14217211	R	60
SUPER_X	14217211	R	60
SUPER_X	14217211	R	60
SUPER_X	14217211	R	60
SUPER_X	14217211	R	60
SUPER_X	14217196	R	60
SUPER_X	14217211	R	60
SUPER_X	14217211	R	60
SUPER_X	14217211	R	60
SUPER_X	14217211	R	60
SUPER_X	14217211	R	60
SUPER_X	14217211	R	60
SUPER_X	14217211	R	60
SUPER_X	14217211	R	60
SUPER_X	14217211	R	60
SUPER_X	14217211	R	60
SUPER_X	14217211	R	60
SUPER_X	14217211	R	60
SUPER_X	14217211	R	60
SUPER_X	14217211	R	60
SUPER_X	14217206	R	60
SUPER_X	14217211	R	60
SUPER_X	14217211	R	60
SUPER_X	14217211	R	60
SUPER_X	14217209	R	60
SUPER_X	14217211	R	60
SUPER_X	14217211	R	60
SUPER_X	14217211	R	60
SUPER_X	14217211	R	60
SUPER_X	14217211	R	60
SUPER_X	14217211	R	60
SUPER_X	14217211	R	60
SUPER_X	14217208	R	60
SUPER_X	14217211	R	60
SUPER_X	14217211	R	60
SUPER_X	14217211	R	60
SUPER_X	14217211	R	60
SUPER_X	14217208	R	60
SUPER_X	14217211	R	60
SUPER_X	14217211	R	60
SUPER_X	14217211	R	60
SUPER_X	14217211	R	60
SUPER_X	14217211	R	60
SUPER_X	14217211	R	60
SUPER_X	14217211	R	60
SUPER_X	14217211	R	60
SUPER_X	14217211	R	60
SUPER_X	14217211	R	60
SUPER_X	14217211	R	60
SUPER_X	14217211	R	60
SUPER_X	14217211	R	60
SUPER_X	14217211	R	60
SUPER_X	14217211	R	60
SUPER_X	14217211	R	60
SUPER_X	14217211	R	60
SUPER_X	14217211	R	60
SUPER_X	14217211	R	60
SUPER_X	14217211	R	60
SUPER_X	14217211	R	60
SUPER_X	14217211	R	60
SUPER_X	14217211	R	60
SUPER_X	14217211	R	60
SUPER_X	14217211	R	60
SUPER_X	14217211	R	60
SUPER_X	14217211	R	60
SUPER_X	14217211	R	60
SUPER_X	14217211	R	60
SUPER_X	14217211	R	60
SUPER_X	14217211	R	60
SUPER_X	14217211	R	60
SUPER_X	14217211	R	60
SUPER_X	14217211	R	60
SUPER_X	14217211	R	60
SUPER_X	14217211	R	60
SUPER_X	14217211	R	60
SUPER_X	14217211	R	60
SUPER_X	14217211	R	60
SUPER_X	14217211	R	60
SUPER_X	14217211	R	60
SUPER_X	14217211	R	60
SUPER_X	14217211	R	60
SUPER_X	14217211	R	60
SUPER_X	14217211	R	60
SUPER_X	14217211	R	60
SUPER_X	14217211	R	60
SUPER_X	14217211	R	60
SUPER_X	14217211	R	60
SUPER_X	14217211	R	60
SUPER_X	14217211	R	60
SUPER_X	14217211	R	60
SUPER_X	14217211	R	60
SUPER_X	14217211	R	60
SUPER_X	14217211	R	60
SUPER_X	14217211	R	60
SUPER_X	14217211	R	60
SUPER_X	14217211	R	60
SUPER_X	14217211	R	60
SUPER_X	14217211	R	60
SUPER_X	14217211	R	60
SUPER_X	14217211	R	60
SUPER_X	14217211	R	60
SUPER_X	14217211	R	60
SUPER_X	14217211	R	60
SUPER_X	14220706	R	60
SUPER_X	14217211	R	60
SUPER_X	14217211	R	60
SUPER_X	14217211	R	60
SUPER_X	14217211	R	60
SUPER_X	14217211	R	60
SUPER_X	14217211	R	60
SUPER_X	14217211	R	60
SUPER_X	14217211	R	60
SUPER_X	14220706	R	20
SUPER_X	14217210	L	20
SUPER_X	14220706	R	20
SUPER_X	14217210	L	20
SUPER_X	14220706	R	20
SUPER_X	14217210	L	20
SUPER_X	14220706	R	20
SUPER_X	14217210	L	20
SUPER_X	14224201	R	1
SUPER_X	14220705	L	1
SUPER_X	14227696	R	1
SUPER_X	14224200	L	1
SUPER_X	14227696	R	1
SUPER_X	14224200	L	1
SUPER_X	14227696	R	1
SUPER_X	14224200	L	1
SUPER_X	14227696	R	0
SUPER_X	14227696	R	0
SUPER_X	14231191	R	1
SUPER_X	14227695	L	1
SUPER_X	14234686	R	5
SUPER_X	14231190	L	5
SUPER_X	14234686	R	5
SUPER_X	14231190	L	5
SUPER_X	14234686	R	5
SUPER_X	14231190	L	5
SUPER_X	14234686	R	5
SUPER_X	14231190	L	5
SUPER_X	22725968	R	60
SUPER_X	23047062	R	1
SUPER_X	26400724	L	1
SUPER_X	26400724	L	5
SUPER_X	26400724	L	1
SUPER_X	26776401	L	0
SUPER_X	26776401	L	0
SUPER_X	26776401	L	0
SUPER_X	26933942	R	60
SUPER_X	26933942	R	60
SUPER_X	26907887	L	1
SUPER_X	26907887	L	0
SUPER_X	26933942	R	60
SUPER_X	26933942	R	60
SUPER_X	26933942	R	60
SUPER_X	26933942	R	60
SUPER_X	26933942	R	60
SUPER_X	26933942	R	60
SUPER_X	26933942	R	60
SUPER_X	26933942	R	60
SUPER_X	26933942	R	60
SUPER_X	26933942	R	60
SUPER_X	26933942	R	60
SUPER_X	26933942	R	60
SUPER_X	26933942	R	60
SUPER_X	26933942	R	60
SUPER_X	26933942	R	60
SUPER_X	26933942	R	60
SUPER_X	26933942	R	60
SUPER_X	26933942	R	60
SUPER_X	26933942	R	60
SUPER_X	26933942	R	60
SUPER_X	26933942	R	60
SUPER_X	26933942	R	60
SUPER_X	26933942	R	60
SUPER_X	26933942	R	60
SUPER_X	26933942	R	60
SUPER_X	26933942	R	60
SUPER_X	26933942	R	60
SUPER_X	26933942	R	60
SUPER_X	26933942	R	60
SUPER_X	26933942	R	60
SUPER_X	26933942	R	60
SUPER_X	26933942	R	60
SUPER_X	26933942	R	60
SUPER_X	26933942	R	60
SUPER_X	26933942	R	60
SUPER_X	26933942	R	60
SUPER_X	26933942	R	60
SUPER_X	26933942	R	60
SUPER_X	26933942	R	60
SUPER_X	26933942	R	60
SUPER_X	26933942	R	60
SUPER_X	26933942	R	60
SUPER_X	26933942	R	60
SUPER_X	26933942	R	60
SUPER_X	26933942	R	60
SUPER_X	26933942	R	60
SUPER_X	26933942	R	60
SUPER_X	26933942	R	60
SUPER_X	26933942	R	60
SUPER_X	26933942	R	60
SUPER_X	26933942	R	60
SUPER_X_unloc_1	6	L	1
SUPER_X_unloc_1	6	L	10
SUPER_X_unloc_67	1	L	60
SUPER_X_unloc_67	1	L	60
SUPER_X_unloc_67	1	L	60
SUPER_X_unloc_67	1	L	60
SUPER_X_unloc_67	1	L	60
SUPER_X_unloc_67	1	L	60
SUPER_X_unloc_67	1	L	60
SUPER_X_unloc_67	1	L	60
SUPER_X_unloc_67	55	L	60
scaffold_28	280499	L	1
scaffold_28	749280	L	1
scaffold_28	749388	L	1
scaffold_28	759846	L	3
scaffold_28	759846	L	5
scaffold_28	759846	L	1
scaffold_28	759846	L	1
scaffold_28	759846	L	1
scaffold_28	759846	L	1
scaffold_28	759846	L	1
scaffold_28	759846	L	2
scaffold_28	759846	L	1
scaffold_28	759846	L	3
scaffold_28	759846	L	1
scaffold_28	759846	L	6
scaffold_28	759846	L	1
scaffold_28	759846	L	1
scaffold_28	759846	L	1
scaffold_28	759846	L	6
scaffold_28	759846	L	1
scaffold_28	759846	L	1
scaffold_28	759846	L	1
scaffold_28	759846	L	1
scaffold_28	759846	L	1
scaffold_28	759846	L	2
scaffold_28	759846	L	1
scaffold_28	759846	L	1
scaffold_28	765994	R	1
scaffold_28	765994	R	1
scaffold_28	765994	R	1
scaffold_28	765994	R	1
scaffold_28	765994	R	1
scaffold_28	765994	R	1
scaffold_28	765994	R	1
scaffold_28	765994	R	1
scaffold_28	765994	R	1
scaffold_28	765994	R	1
scaffold_28	765994	R	1
scaffold_28	765994	R	1
scaffold_28	765994	R	1
scaffold_28	765994	R	1
scaffold_28	760892	L	1
scaffold_28	760892	L	1
scaffold_28	760892	L	1
scaffold_28	760892	L	1
scaffold_28	765994	R	1
scaffold_28	767930	R	1
scaffold_23	283949	L	1
scaffold_23	1071247	L	1
scaffold_23	1071247	L	1
scaffold_23	1071247	L	1
scaffold_23	1071247	L	1
scaffold_23	1071247	L	1
scaffold_23	1071247	L	1
scaffold_23	1071247	L	1
scaffold_23	1071247	L	1
scaffold_23	1071247	L	1
scaffold_23	1086031	L	1
scaffold_23	1136112	L	1
scaffold_23	1139225	L	1
scaffold_23	1139225	L	1
scaffold_23	1139225	L	1
scaffold_23	1139225	L	1
scaffold_23	1140504	L	1
scaffold_23	1140504	L	1
scaffold_23	1140504	L	1
scaffold_23	1140504	L	1
scaffold_23	1140504	L	1
scaffold_23	1140506	L	1
scaffold_23	1140508	L	1
scaffold_23	1280899	L	1
scaffold_27	124225	R	1
scaffold_27	166343	R	1
scaffold_27	187237	R	1
scaffold_27	248995	R	1
scaffold_27	250755	R	1
scaffold_27	363603	R	1
scaffold_27	363603	R	1
scaffold_27	363603	R	1
scaffold_27	363603	R	2
scaffold_27	363603	R	2
scaffold_27	363603	R	1
scaffold_27	363603	R	2
scaffold_27	363603	R	3
scaffold_27	363603	R	1
scaffold_27	363603	R	1
scaffold_27	367651	R	1
scaffold_27	397670	R	1
scaffold_27	397670	R	1
scaffold_27	394144	R	1
scaffold_27	397665	R	1
scaffold_27	400126	R	11
scaffold_27	397665	R	1
scaffold_27	397670	R	1
scaffold_27	397670	R	1
scaffold_27	393269	R	1
scaffold_27	397670	R	1
scaffold_27	397670	R	1
scaffold_27	397670	R	1
scaffold_27	393269	R	1
scaffold_27	400126	R	9
scaffold_27	397670	R	1
scaffold_27	397670	R	1
scaffold_27	397664	R	1
scaffold_27	397670	R	1
scaffold_27	397670	R	2
scaffold_27	400126	R	8
scaffold_27	393269	R	1
scaffold_27	397670	R	1
scaffold_27	397670	R	1
scaffold_27	393269	R	1
scaffold_27	393269	R	1
scaffold_27	397670	R	1
scaffold_27	397670	R	1
scaffold_27	475872	R	1
scaffold_27	475872	R	1
scaffold_27	475866	R	1
scaffold_27	475872	R	1
scaffold_27	475872	R	1
scaffold_27	475872	R	1
scaffold_27	515733	R	1
scaffold_27	637665	R	1
scaffold_27	637665	R	1
scaffold_27	637665	R	1
scaffold_27	662388	R	1
scaffold_27	662346	R	1
scaffold_27	662387	R	1
scaffold_27	662376	R	1
scaffold_27	662341	R	1
scaffold_27	662329	R	1
scaffold_27	662386	R	1
scaffold_27	662381	R	1
scaffold_27	662378	R	1
scaffold_27	662371	R	1
scaffold_27	662378	R	1
scaffold_27	662387	R	1
scaffold_27	668120	R	1
scaffold_27	668120	R	1
scaffold_32	234350	L	1
scaffold_32	234350	L	1
scaffold_32	234350	L	1
scaffold_32	536365	R	1
scaffold_32	536365	R	1
scaffold_32	536365	R	1
scaffold_32	536365	R	1
scaffold_32	762223	R	1
scaffold_34	79866	R	1
scaffold_34	86198	R	1
scaffold_34	86198	R	1
scaffold_34	86198	R	1
scaffold_34	86198	R	1
scaffold_34	86198	R	1
scaffold_34	86198	R	1
scaffold_34	80927	L	1
scaffold_34	80927	L	1
scaffold_34	147807	L	13
scaffold_34	147807	L	28
scaffold_34	147807	L	22
scaffold_34	147807	L	30
scaffold_34	147807	L	25
scaffold_34	147807	L	8
scaffold_34	147807	L	17
scaffold_34	147834	L	10
scaffold_34	147983	L	11
scaffold_34	147983	L	12
scaffold_34	147983	L	14
scaffold_34	147983	L	10
scaffold_34	147983	L	7
scaffold_34	147983	L	22
scaffold_34	147983	L	10
scaffold_34	147983	L	33
scaffold_34	147983	L	7
scaffold_34	147983	L	1
scaffold_34	147983	L	8
scaffold_34	147983	L	11
scaffold_34	147983	L	22
scaffold_34	147983	L	26
scaffold_34	147983	L	18
scaffold_34	147983	L	35
scaffold_34	147983	L	21
scaffold_34	147983	L	12
scaffold_34	147983	L	10
scaffold_34	147983	L	16
scaffold_34	147983	L	8
scaffold_34	147983	L	11
scaffold_34	147983	L	10
scaffold_34	147983	L	12
scaffold_34	147983	L	12
scaffold_34	147983	L	11
scaffold_34	147983	L	20
scaffold_34	147983	L	18
scaffold_34	147983	L	15
scaffold_34	147983	L	19
scaffold_34	147983	L	35
scaffold_34	147983	L	25
scaffold_34	147983	L	15
scaffold_34	147983	L	12
scaffold_34	147983	L	25
scaffold_34	147983	L	13
scaffold_34	147983	L	25
scaffold_34	147983	L	22
scaffold_34	147983	L	10
scaffold_34	147983	L	27
scaffold_34	147983	L	11
scaffold_34	147983	L	8
scaffold_34	147983	L	26
scaffold_34	261046	R	28
scaffold_34	249258	L	1
scaffold_34	249258	L	1
scaffold_34	249265	L	1
scaffold_34	249265	L	1
scaffold_34	275592	L	0
scaffold_34	327136	R	1
scaffold_34	328358	R	1
scaffold_34	327136	R	1
scaffold_34	752909	L	1
scaffold_30	106648	L	1
scaffold_30	858983	L	1
scaffold_30	858983	L	1
scaffold_38	230566	L	1
scaffold_38	449212	L	1
scaffold_38	597159	L	1
scaffold_38	611656	R	1
scaffold_38	601886	L	1
scaffold_41	4834	R	1
scaffold_41	6859	R	6
scaffold_41	6859	R	6
scaffold_41	14591	R	1
scaffold_41	11962	R	1
scaffold_41	15485	R	1
scaffold_41	6859	R	6
scaffold_41	6859	R	1
scaffold_41	6859	R	1
scaffold_41	10555	R	1
scaffold_41	20223	R	1
scaffold_41	39055	R	1
scaffold_41	31839	R	1
scaffold_41	31839	R	1
scaffold_41	36591	R	1
scaffold_41	23123	L	1
scaffold_41	39583	R	1
scaffold_41	39055	R	1
scaffold_41	71972	R	1
scaffold_41	71972	R	1
scaffold_41	108558	R	1
scaffold_41	287921	R	1
scaffold_41	452270	R	1
scaffold_41	482320	R	1
scaffold_47	231161	R	1
scaffold_47	289016	R	1
scaffold_47	412152	R	1
scaffold_48	247221	L	1
scaffold_50	77348	L	1
scaffold_50	77348	L	1
scaffold_50	77348	L	1
scaffold_50	77348	L	1
scaffold_50	77348	L	1
scaffold_50	77348	L	1
scaffold_50	77516	L	1
scaffold_50	77516	L	1
scaffold_50	77516	L	1
scaffold_50	77516	L	1
scaffold_50	77516	L	1
scaffold_50	77516	L	1
scaffold_50	77516	L	1
scaffold_50	77516	L	1
scaffold_50	77516	L	1
scaffold_50	77516	L	1
scaffold_50	77516	L	1
scaffold_50	77516	L	1
scaffold_50	77516	L	1
scaffold_50	77516	L	1
scaffold_50	77516	L	1
scaffold_50	77516	L	1
scaffold_50	80508	L	1
scaffold_50	80508	L	1
scaffold_50	80508	L	1
scaffold_50	80508	L	1
scaffold_50	80508	L	1
scaffold_50	82100	L	1
scaffold_50	82100	L	1
scaffold_50	82100	L	1
scaffold_50	82268	L	1
scaffold_50	90742	L	1
scaffold_50	99407	L	1
scaffold_50	99407	L	1
scaffold_50	99407	L	1
scaffold_50	99412	L	1
scaffold_50	103135	L	1
scaffold_50	111826	L	1
scaffold_50	197277	L	1
scaffold_50	197277	L	1
scaffold_534	13330	L	1
scaffold_534	16671	L	1
scaffold_53	150498	L	1
scaffold_53	159492	L	8
scaffold_53	159492	L	11
scaffold_53	159492	L	11
scaffold_53	159492	L	10
scaffold_53	159492	L	9
scaffold_53	159492	L	11
scaffold_53	159492	L	10
scaffold_53	159492	L	19
scaffold_53	159492	L	14
scaffold_53	159492	L	16
scaffold_53	159492	L	10
scaffold_53	159492	L	15
scaffold_53	159492	L	15
scaffold_53	159492	L	18
scaffold_53	159492	L	13
scaffold_53	159492	L	6
scaffold_53	159492	L	18
scaffold_53	159492	L	17
scaffold_53	159492	L	20
scaffold_53	159492	L	12
scaffold_53	159492	L	12
scaffold_53	159492	L	18
scaffold_53	159492	L	11
scaffold_53	159492	L	13
scaffold_53	159492	L	10
scaffold_53	159492	L	7
scaffold_53	159492	L	16
scaffold_53	159492	L	16
scaffold_53	159492	L	10
scaffold_53	163622	L	6
scaffold_53	181664	L	6
scaffold_54	20191	R	1
scaffold_54	12456	R	1
scaffold_54	23764	R	1
scaffold_54	155886	R	1
scaffold_54	169611	R	1
scaffold_54	279896	R	1
scaffold_54	279896	R	1
scaffold_60	69084	R	1
scaffold_65	28956	R	1
scaffold_65	112061	R	1
scaffold_65	109740	R	1
scaffold_65	200596	R	1
scaffold_71	3420	L	1
scaffold_71	3668	L	1
scaffold_71	4559	L	1
scaffold_71	48740	L	1
scaffold_71	48740	L	1
scaffold_71	50151	L	1
scaffold_71	192040	L	1
scaffold_89	1	L	14
scaffold_89	2827	L	1
scaffold_89	5388	L	1
scaffold_89	16434	L	1
scaffold_89	16434	L	1
scaffold_89	159403	L	1
scaffold_89	166622	L	1
scaffold_105	41052	R	1
scaffold_105	41052	R	1
scaffold_105	44924	R	1
scaffold_105	41052	R	1
scaffold_105	40749	R	1
scaffold_105	133018	L	1
scaffold_107	118210	R	1
scaffold_107	118210	R	1
scaffold_107	118738	R	1
scaffold_107	118738	R	1
scaffold_144	5965	L	1
scaffold_176	95733	R	1
scaffold_183	1	L	60
scaffold_183	1	L	60
scaffold_183	1	L	60
scaffold_183	1	L	60
scaffold_183	1	L	60
scaffold_183	1	L	60
scaffold_183	1	L	60
scaffold_183	1	L	60
scaffold_183	32786	L	1
scaffold_183	32786	L	1
scaffold_183	32786	L	1
scaffold_183	45113	R	18
scaffold_290	60061	R	1
scaffold_290	60061	R	1
scaffold_290	60061	R	1
scaffold_290	60061	R	1
scaffold_290	60055	R	2
scaffold_290	60061	R	2
scaffold_290	60061	R	2
scaffold_290	60061	R	2
scaffold_290	60061	R	2
scaffold_290	60061	R	2
scaffold_290	60061	R	3
scaffold_290	60055	R	5
scaffold_290	60061	R	4
scaffold_328	29560	R	1
scaffold_MT_1	1	L	60
